goodreads.ID,barnes_and_nobles.ID
2,2851
2,2541
559,2851
559,2541
563,2851
563,2541
1708,1094
1708,1366
1708,2884
1128,1094
1128,1366
1128,2884
3496,1094
3496,1366
3496,2884
2748,1094
2748,1366
2748,2884
1521,1094
1521,1366
1521,2884
2324,1094
2324,1366
2324,2884
1719,1094
1719,1366
1719,2884
6,1094
6,1366
6,2884
2388,1094
2388,1366
2388,2884
7,925
8,1431
10,769
11,100
13,1152
16,2327
16,2444
20,3179
22,192
3859,2843
3859,2821
3859,2013
3859,3390
3859,1280
3859,3570
3859,83
386,2843
386,2821
386,2013
386,3390
386,1280
386,3570
386,83
26,2843
26,2821
26,2013
26,3390
26,1280
26,3570
26,83
1549,2843
1549,2821
1549,2013
1549,3390
1549,1280
1549,3570
1549,83
2012,2843
2012,2821
2012,2013
2012,3390
2012,1280
2012,3570
2012,83
3863,2843
3863,2821
3863,2013
3863,3390
3863,1280
3863,3570
3863,83
2413,2843
2413,2821
2413,2013
2413,3390
2413,1280
2413,3570
2413,83
2283,2843
2283,2821
2283,2013
2283,3390
2283,1280
2283,3570
2283,83
2119,2843
2119,2821
2119,2013
2119,3390
2119,1280
2119,3570
2119,83
27,3307
2435,356
28,356
33,586
1724,2598
1724,1577
1724,2651
1724,3211
1724,359
1724,2872
1724,2385
1724,2408
1724,1348
1007,2598
1007,1577
1007,2651
1007,3211
1007,359
1007,2872
1007,2385
1007,2408
1007,1348
3243,2598
3243,1577
3243,2651
3243,3211
3243,359
3243,2872
3243,2385
3243,2408
3243,1348
35,2598
35,1577
35,2651
35,3211
35,359
35,2872
35,2385
35,2408
35,1348
3174,2598
3174,1577
3174,2651
3174,3211
3174,359
3174,2872
3174,2385
3174,2408
3174,1348
1713,2598
1713,1577
1713,2651
1713,3211
1713,359
1713,2872
1713,2385
1713,2408
1713,1348
36,456
38,315
2671,1664
2671,2462
2671,1215
2671,3555
2671,1426
40,1664
40,2462
40,1215
40,3555
40,1426
1762,1664
1762,2462
1762,1215
1762,3555
1762,1426
44,3435
44,331
44,1337
45,899
47,2379
1606,2324
48,2324
1605,2324
622,3029
622,1655
622,2272
622,1687
622,1244
622,3698
622,2894
622,1944
622,2058
1782,3029
1782,1655
1782,2272
1782,1687
1782,1244
1782,3698
1782,2894
1782,1944
1782,2058
2307,3029
2307,1655
2307,2272
2307,1687
2307,1244
2307,3698
2307,2894
2307,1944
2307,2058
2663,3029
2663,1655
2663,2272
2663,1687
2663,1244
2663,3698
2663,2894
2663,1944
2663,2058
1680,3029
1680,1655
1680,2272
1680,1687
1680,1244
1680,3698
1680,2894
1680,1944
1680,2058
2269,3029
2269,1655
2269,2272
2269,1687
2269,1244
2269,3698
2269,2894
2269,1944
2269,2058
49,3029
49,1655
49,2272
49,1687
49,1244
49,3698
49,2894
49,1944
49,2058
2152,3029
2152,1655
2152,2272
2152,1687
2152,1244
2152,3698
2152,2894
2152,1944
2152,2058
1869,3029
1869,1655
1869,2272
1869,1687
1869,1244
1869,3698
1869,2894
1869,1944
1869,2058
1688,3029
1688,1655
1688,2272
1688,1687
1688,1244
1688,3698
1688,2894
1688,1944
1688,2058
53,3516
54,1693
54,2763
54,3333
54,2101
478,1693
478,2763
478,3333
478,2101
2192,1693
2192,2763
2192,3333
2192,2101
55,128
56,557
1752,557
57,1605
57,2221
627,2490
627,1909
627,3007
627,2837
627,1840
627,2724
627,905
3062,2490
3062,1909
3062,3007
3062,2837
3062,1840
3062,2724
3062,905
2039,2490
2039,1909
2039,3007
2039,2837
2039,1840
2039,2724
2039,905
1186,2490
1186,1909
1186,3007
1186,2837
1186,1840
1186,2724
1186,905
58,2490
58,1909
58,3007
58,2837
58,1840
58,2724
58,905
3429,2490
3429,1909
3429,3007
3429,2837
3429,1840
3429,2724
3429,905
2111,2490
2111,1909
2111,3007
2111,2837
2111,1840
2111,2724
2111,905
1586,2490
1586,1909
1586,3007
1586,2837
1586,1840
1586,2724
1586,905
2234,2490
2234,1909
2234,3007
2234,2837
2234,1840
2234,2724
2234,905
2926,3494
2926,2167
2926,98
2926,1411
2926,2305
2926,1489
2926,2639
2926,1990
2926,937
2926,3105
2926,358
2926,2835
2926,1625
2001,3494
2001,2167
2001,98
2001,1411
2001,2305
2001,1489
2001,2639
2001,1990
2001,937
2001,3105
2001,358
2001,2835
2001,1625
1896,3494
1896,2167
1896,98
1896,1411
1896,2305
1896,1489
1896,2639
1896,1990
1896,937
1896,3105
1896,358
1896,2835
1896,1625
1423,3494
1423,2167
1423,98
1423,1411
1423,2305
1423,1489
1423,2639
1423,1990
1423,937
1423,3105
1423,358
1423,2835
1423,1625
2878,3494
2878,2167
2878,98
2878,1411
2878,2305
2878,1489
2878,2639
2878,1990
2878,937
2878,3105
2878,358
2878,2835
2878,1625
2887,3494
2887,2167
2887,98
2887,1411
2887,2305
2887,1489
2887,2639
2887,1990
2887,937
2887,3105
2887,358
2887,2835
2887,1625
1843,3494
1843,2167
1843,98
1843,1411
1843,2305
1843,1489
1843,2639
1843,1990
1843,937
1843,3105
1843,358
1843,2835
1843,1625
3958,3494
3958,2167
3958,98
3958,1411
3958,2305
3958,1489
3958,2639
3958,1990
3958,937
3958,3105
3958,358
3958,2835
3958,1625
1304,3494
1304,2167
1304,98
1304,1411
1304,2305
1304,1489
1304,2639
1304,1990
1304,937
1304,3105
1304,358
1304,2835
1304,1625
2862,3494
2862,2167
2862,98
2862,1411
2862,2305
2862,1489
2862,2639
2862,1990
2862,937
2862,3105
2862,358
2862,2835
2862,1625
59,3494
59,2167
59,98
59,1411
59,2305
59,1489
59,2639
59,1990
59,937
59,3105
59,358
59,2835
59,1625
61,692
1125,3489
62,3489
884,949
63,949
3130,1492
3199,1492
65,1492
66,1069
67,290
68,1982
68,2652
68,3477
68,2599
68,3381
855,3697
855,26
855,755
855,465
855,2621
855,1330
855,969
855,2048
855,310
855,369
855,1383
855,535
855,220
855,1601
855,469
855,584
855,1592
855,930
855,1402
855,9
855,3298
855,620
855,151
855,938
855,2412
855,2878
2502,3697
2502,26
2502,755
2502,465
2502,2621
2502,1330
2502,969
2502,2048
2502,310
2502,369
2502,1383
2502,535
2502,220
2502,1601
2502,469
2502,584
2502,1592
2502,930
2502,1402
2502,9
2502,3298
2502,620
2502,151
2502,938
2502,2412
2502,2878
115,3697
115,26
115,755
115,465
115,2621
115,1330
115,969
115,2048
115,310
115,369
115,1383
115,535
115,220
115,1601
115,469
115,584
115,1592
115,930
115,1402
115,9
115,3298
115,620
115,151
115,938
115,2412
115,2878
1207,3697
1207,26
1207,755
1207,465
1207,2621
1207,1330
1207,969
1207,2048
1207,310
1207,369
1207,1383
1207,535
1207,220
1207,1601
1207,469
1207,584
1207,1592
1207,930
1207,1402
1207,9
1207,3298
1207,620
1207,151
1207,938
1207,2412
1207,2878
1052,3697
1052,26
1052,755
1052,465
1052,2621
1052,1330
1052,969
1052,2048
1052,310
1052,369
1052,1383
1052,535
1052,220
1052,1601
1052,469
1052,584
1052,1592
1052,930
1052,1402
1052,9
1052,3298
1052,620
1052,151
1052,938
1052,2412
1052,2878
2632,3697
2632,26
2632,755
2632,465
2632,2621
2632,1330
2632,969
2632,2048
2632,310
2632,369
2632,1383
2632,535
2632,220
2632,1601
2632,469
2632,584
2632,1592
2632,930
2632,1402
2632,9
2632,3298
2632,620
2632,151
2632,938
2632,2412
2632,2878
2712,3697
2712,26
2712,755
2712,465
2712,2621
2712,1330
2712,969
2712,2048
2712,310
2712,369
2712,1383
2712,535
2712,220
2712,1601
2712,469
2712,584
2712,1592
2712,930
2712,1402
2712,9
2712,3298
2712,620
2712,151
2712,938
2712,2412
2712,2878
1059,3697
1059,26
1059,755
1059,465
1059,2621
1059,1330
1059,969
1059,2048
1059,310
1059,369
1059,1383
1059,535
1059,220
1059,1601
1059,469
1059,584
1059,1592
1059,930
1059,1402
1059,9
1059,3298
1059,620
1059,151
1059,938
1059,2412
1059,2878
1982,3697
1982,26
1982,755
1982,465
1982,2621
1982,1330
1982,969
1982,2048
1982,310
1982,369
1982,1383
1982,535
1982,220
1982,1601
1982,469
1982,584
1982,1592
1982,930
1982,1402
1982,9
1982,3298
1982,620
1982,151
1982,938
1982,2412
1982,2878
1054,3697
1054,26
1054,755
1054,465
1054,2621
1054,1330
1054,969
1054,2048
1054,310
1054,369
1054,1383
1054,535
1054,220
1054,1601
1054,469
1054,584
1054,1592
1054,930
1054,1402
1054,9
1054,3298
1054,620
1054,151
1054,938
1054,2412
1054,2878
692,3697
692,26
692,755
692,465
692,2621
692,1330
692,969
692,2048
692,310
692,369
692,1383
692,535
692,220
692,1601
692,469
692,584
692,1592
692,930
692,1402
692,9
692,3298
692,620
692,151
692,938
692,2412
692,2878
3125,3697
3125,26
3125,755
3125,465
3125,2621
3125,1330
3125,969
3125,2048
3125,310
3125,369
3125,1383
3125,535
3125,220
3125,1601
3125,469
3125,584
3125,1592
3125,930
3125,1402
3125,9
3125,3298
3125,620
3125,151
3125,938
3125,2412
3125,2878
1480,3697
1480,26
1480,755
1480,465
1480,2621
1480,1330
1480,969
1480,2048
1480,310
1480,369
1480,1383
1480,535
1480,220
1480,1601
1480,469
1480,584
1480,1592
1480,930
1480,1402
1480,9
1480,3298
1480,620
1480,151
1480,938
1480,2412
1480,2878
2121,3697
2121,26
2121,755
2121,465
2121,2621
2121,1330
2121,969
2121,2048
2121,310
2121,369
2121,1383
2121,535
2121,220
2121,1601
2121,469
2121,584
2121,1592
2121,930
2121,1402
2121,9
2121,3298
2121,620
2121,151
2121,938
2121,2412
2121,2878
3421,3697
3421,26
3421,755
3421,465
3421,2621
3421,1330
3421,969
3421,2048
3421,310
3421,369
3421,1383
3421,535
3421,220
3421,1601
3421,469
3421,584
3421,1592
3421,930
3421,1402
3421,9
3421,3298
3421,620
3421,151
3421,938
3421,2412
3421,2878
1459,3697
1459,26
1459,755
1459,465
1459,2621
1459,1330
1459,969
1459,2048
1459,310
1459,369
1459,1383
1459,535
1459,220
1459,1601
1459,469
1459,584
1459,1592
1459,930
1459,1402
1459,9
1459,3298
1459,620
1459,151
1459,938
1459,2412
1459,2878
694,3697
694,26
694,755
694,465
694,2621
694,1330
694,969
694,2048
694,310
694,369
694,1383
694,535
694,220
694,1601
694,469
694,584
694,1592
694,930
694,1402
694,9
694,3298
694,620
694,151
694,938
694,2412
694,2878
2197,3697
2197,26
2197,755
2197,465
2197,2621
2197,1330
2197,969
2197,2048
2197,310
2197,369
2197,1383
2197,535
2197,220
2197,1601
2197,469
2197,584
2197,1592
2197,930
2197,1402
2197,9
2197,3298
2197,620
2197,151
2197,938
2197,2412
2197,2878
3194,3697
3194,26
3194,755
3194,465
3194,2621
3194,1330
3194,969
3194,2048
3194,310
3194,369
3194,1383
3194,535
3194,220
3194,1601
3194,469
3194,584
3194,1592
3194,930
3194,1402
3194,9
3194,3298
3194,620
3194,151
3194,938
3194,2412
3194,2878
3168,3697
3168,26
3168,755
3168,465
3168,2621
3168,1330
3168,969
3168,2048
3168,310
3168,369
3168,1383
3168,535
3168,220
3168,1601
3168,469
3168,584
3168,1592
3168,930
3168,1402
3168,9
3168,3298
3168,620
3168,151
3168,938
3168,2412
3168,2878
3237,3697
3237,26
3237,755
3237,465
3237,2621
3237,1330
3237,969
3237,2048
3237,310
3237,369
3237,1383
3237,535
3237,220
3237,1601
3237,469
3237,584
3237,1592
3237,930
3237,1402
3237,9
3237,3298
3237,620
3237,151
3237,938
3237,2412
3237,2878
70,3697
70,26
70,755
70,465
70,2621
70,1330
70,969
70,2048
70,310
70,369
70,1383
70,535
70,220
70,1601
70,469
70,584
70,1592
70,930
70,1402
70,9
70,3298
70,620
70,151
70,938
70,2412
70,2878
126,3697
126,26
126,755
126,465
126,2621
126,1330
126,969
126,2048
126,310
126,369
126,1383
126,535
126,220
126,1601
126,469
126,584
126,1592
126,930
126,1402
126,9
126,3298
126,620
126,151
126,938
126,2412
126,2878
3419,3697
3419,26
3419,755
3419,465
3419,2621
3419,1330
3419,969
3419,2048
3419,310
3419,369
3419,1383
3419,535
3419,220
3419,1601
3419,469
3419,584
3419,1592
3419,930
3419,1402
3419,9
3419,3298
3419,620
3419,151
3419,938
3419,2412
3419,2878
441,3697
441,26
441,755
441,465
441,2621
441,1330
441,969
441,2048
441,310
441,369
441,1383
441,535
441,220
441,1601
441,469
441,584
441,1592
441,930
441,1402
441,9
441,3298
441,620
441,151
441,938
441,2412
441,2878
1324,3697
1324,26
1324,755
1324,465
1324,2621
1324,1330
1324,969
1324,2048
1324,310
1324,369
1324,1383
1324,535
1324,220
1324,1601
1324,469
1324,584
1324,1592
1324,930
1324,1402
1324,9
1324,3298
1324,620
1324,151
1324,938
1324,2412
1324,2878
3642,3697
3642,26
3642,755
3642,465
3642,2621
3642,1330
3642,969
3642,2048
3642,310
3642,369
3642,1383
3642,535
3642,220
3642,1601
3642,469
3642,584
3642,1592
3642,930
3642,1402
3642,9
3642,3298
3642,620
3642,151
3642,938
3642,2412
3642,2878
71,511
72,1287
1002,3296
73,3296
1742,3296
78,483
79,1120
80,69
83,2534
86,464
413,253
413,84
2517,253
2517,84
3334,253
3334,84
3723,253
3723,84
1353,253
1353,84
908,253
908,84
89,253
89,84
2703,253
2703,84
3343,253
3343,84
93,499
1092,2537
1092,2627
1092,425
3912,2537
3912,2627
3912,425
95,2537
95,2627
95,425
1175,2537
1175,2627
1175,425
1691,2537
1691,2627
1691,425
98,406
2773,406
99,76
100,2340
101,190
101,1147
104,746
104,3504
104,2780
104,381
104,418
104,1534
104,2743
104,35
104,2846
104,739
104,1172
104,3519
3159,746
3159,3504
3159,2780
3159,381
3159,418
3159,1534
3159,2743
3159,35
3159,2846
3159,739
3159,1172
3159,3519
2438,746
2438,3504
2438,2780
2438,381
2438,418
2438,1534
2438,2743
2438,35
2438,2846
2438,739
2438,1172
2438,3519
3651,746
3651,3504
3651,2780
3651,381
3651,418
3651,1534
3651,2743
3651,35
3651,2846
3651,739
3651,1172
3651,3519
382,746
382,3504
382,2780
382,381
382,418
382,1534
382,2743
382,35
382,2846
382,739
382,1172
382,3519
3505,746
3505,3504
3505,2780
3505,381
3505,418
3505,1534
3505,2743
3505,35
3505,2846
3505,739
3505,1172
3505,3519
3109,746
3109,3504
3109,2780
3109,381
3109,418
3109,1534
3109,2743
3109,35
3109,2846
3109,739
3109,1172
3109,3519
1695,746
1695,3504
1695,2780
1695,381
1695,418
1695,1534
1695,2743
1695,35
1695,2846
1695,739
1695,1172
1695,3519
971,746
971,3504
971,2780
971,381
971,418
971,1534
971,2743
971,35
971,2846
971,739
971,1172
971,3519
105,3439
105,2772
1080,3439
1080,2772
599,3439
599,2772
108,940
1349,1869
1349,2565
1349,116
1349,2056
1349,560
1349,709
1349,88
1384,1869
1384,2565
1384,116
1384,2056
1384,560
1384,709
1384,88
110,1869
110,2565
110,116
110,2056
110,560
110,709
110,88
2315,1869
2315,2565
2315,116
2315,2056
2315,560
2315,709
2315,88
111,3662
112,1785
112,145
112,3675
112,2226
112,3554
112,946
112,770
112,3025
112,1071
112,25
112,1611
112,2666
112,981
112,2717
112,3305
112,2759
1753,1785
1753,145
1753,3675
1753,2226
1753,3554
1753,946
1753,770
1753,3025
1753,1071
1753,25
1753,1611
1753,2666
1753,981
1753,2717
1753,3305
1753,2759
2310,1785
2310,145
2310,3675
2310,2226
2310,3554
2310,946
2310,770
2310,3025
2310,1071
2310,25
2310,1611
2310,2666
2310,981
2310,2717
2310,3305
2310,2759
2592,1785
2592,145
2592,3675
2592,2226
2592,3554
2592,946
2592,770
2592,3025
2592,1071
2592,25
2592,1611
2592,2666
2592,981
2592,2717
2592,3305
2592,2759
3464,1785
3464,145
3464,3675
3464,2226
3464,3554
3464,946
3464,770
3464,3025
3464,1071
3464,25
3464,1611
3464,2666
3464,981
3464,2717
3464,3305
3464,2759
962,1785
962,145
962,3675
962,2226
962,3554
962,946
962,770
962,3025
962,1071
962,25
962,1611
962,2666
962,981
962,2717
962,3305
962,2759
116,1174
3228,436
3228,3589
3228,2386
3228,2596
3228,1988
3228,1042
3228,3653
3228,490
3228,1217
3228,640
3228,210
3228,687
3228,2399
3228,1453
3228,2648
3228,3170
3228,2716
3228,669
3228,3057
3228,2365
3228,1596
3228,463
3228,1553
3228,1954
1662,436
1662,3589
1662,2386
1662,2596
1662,1988
1662,1042
1662,3653
1662,490
1662,1217
1662,640
1662,210
1662,687
1662,2399
1662,1453
1662,2648
1662,3170
1662,2716
1662,669
1662,3057
1662,2365
1662,1596
1662,463
1662,1553
1662,1954
3807,436
3807,3589
3807,2386
3807,2596
3807,1988
3807,1042
3807,3653
3807,490
3807,1217
3807,640
3807,210
3807,687
3807,2399
3807,1453
3807,2648
3807,3170
3807,2716
3807,669
3807,3057
3807,2365
3807,1596
3807,463
3807,1553
3807,1954
3415,436
3415,3589
3415,2386
3415,2596
3415,1988
3415,1042
3415,3653
3415,490
3415,1217
3415,640
3415,210
3415,687
3415,2399
3415,1453
3415,2648
3415,3170
3415,2716
3415,669
3415,3057
3415,2365
3415,1596
3415,463
3415,1553
3415,1954
3297,436
3297,3589
3297,2386
3297,2596
3297,1988
3297,1042
3297,3653
3297,490
3297,1217
3297,640
3297,210
3297,687
3297,2399
3297,1453
3297,2648
3297,3170
3297,2716
3297,669
3297,3057
3297,2365
3297,1596
3297,463
3297,1553
3297,1954
3225,436
3225,3589
3225,2386
3225,2596
3225,1988
3225,1042
3225,3653
3225,490
3225,1217
3225,640
3225,210
3225,687
3225,2399
3225,1453
3225,2648
3225,3170
3225,2716
3225,669
3225,3057
3225,2365
3225,1596
3225,463
3225,1553
3225,1954
3758,436
3758,3589
3758,2386
3758,2596
3758,1988
3758,1042
3758,3653
3758,490
3758,1217
3758,640
3758,210
3758,687
3758,2399
3758,1453
3758,2648
3758,3170
3758,2716
3758,669
3758,3057
3758,2365
3758,1596
3758,463
3758,1553
3758,1954
3122,436
3122,3589
3122,2386
3122,2596
3122,1988
3122,1042
3122,3653
3122,490
3122,1217
3122,640
3122,210
3122,687
3122,2399
3122,1453
3122,2648
3122,3170
3122,2716
3122,669
3122,3057
3122,2365
3122,1596
3122,463
3122,1553
3122,1954
3294,436
3294,3589
3294,2386
3294,2596
3294,1988
3294,1042
3294,3653
3294,490
3294,1217
3294,640
3294,210
3294,687
3294,2399
3294,1453
3294,2648
3294,3170
3294,2716
3294,669
3294,3057
3294,2365
3294,1596
3294,463
3294,1553
3294,1954
117,436
117,3589
117,2386
117,2596
117,1988
117,1042
117,3653
117,490
117,1217
117,640
117,210
117,687
117,2399
117,1453
117,2648
117,3170
117,2716
117,669
117,3057
117,2365
117,1596
117,463
117,1553
117,1954
780,436
780,3589
780,2386
780,2596
780,1988
780,1042
780,3653
780,490
780,1217
780,640
780,210
780,687
780,2399
780,1453
780,2648
780,3170
780,2716
780,669
780,3057
780,2365
780,1596
780,463
780,1553
780,1954
3192,436
3192,3589
3192,2386
3192,2596
3192,1988
3192,1042
3192,3653
3192,490
3192,1217
3192,640
3192,210
3192,687
3192,2399
3192,1453
3192,2648
3192,3170
3192,2716
3192,669
3192,3057
3192,2365
3192,1596
3192,463
3192,1553
3192,1954
2560,436
2560,3589
2560,2386
2560,2596
2560,1988
2560,1042
2560,3653
2560,490
2560,1217
2560,640
2560,210
2560,687
2560,2399
2560,1453
2560,2648
2560,3170
2560,2716
2560,669
2560,3057
2560,2365
2560,1596
2560,463
2560,1553
2560,1954
119,855
2575,2092
2544,2092
120,2092
121,376
3257,365
3257,174
3257,146
3257,488
3257,1526
3257,1079
3257,3476
3257,3403
3257,903
3257,292
3257,2754
448,365
448,174
448,146
448,488
448,1526
448,1079
448,3476
448,3403
448,903
448,292
448,2754
122,365
122,174
122,146
122,488
122,1526
122,1079
122,3476
122,3403
122,903
122,292
122,2754
3718,365
3718,174
3718,146
3718,488
3718,1526
3718,1079
3718,3476
3718,3403
3718,903
3718,292
3718,2754
123,1107
2040,1668
124,1668
125,1300
128,255
130,434
1581,434
2372,2238
2372,2006
2372,2321
2372,2581
2372,2767
2372,2689
2372,64
2372,1559
2372,2441
2372,2039
2372,6
2372,1560
2372,3520
3207,2238
3207,2006
3207,2321
3207,2581
3207,2767
3207,2689
3207,64
3207,1559
3207,2441
3207,2039
3207,6
3207,1560
3207,3520
2112,2238
2112,2006
2112,2321
2112,2581
2112,2767
2112,2689
2112,64
2112,1559
2112,2441
2112,2039
2112,6
2112,1560
2112,3520
3526,2238
3526,2006
3526,2321
3526,2581
3526,2767
3526,2689
3526,64
3526,1559
3526,2441
3526,2039
3526,6
3526,1560
3526,3520
3081,2238
3081,2006
3081,2321
3081,2581
3081,2767
3081,2689
3081,64
3081,1559
3081,2441
3081,2039
3081,6
3081,1560
3081,3520
131,2238
131,2006
131,2321
131,2581
131,2767
131,2689
131,64
131,1559
131,2441
131,2039
131,6
131,1560
131,3520
859,2238
859,2006
859,2321
859,2581
859,2767
859,2689
859,64
859,1559
859,2441
859,2039
859,6
859,1560
859,3520
3138,2238
3138,2006
3138,2321
3138,2581
3138,2767
3138,2689
3138,64
3138,1559
3138,2441
3138,2039
3138,6
3138,1560
3138,3520
1873,2082
1873,1482
1873,1520
2596,2082
2596,1482
2596,1520
134,2082
134,1482
134,1520
136,53
2030,1833
2030,796
2030,349
2030,2479
2030,2799
2030,2250
2030,2544
2030,2989
2030,1449
2030,2538
2030,332
2030,1252
2030,1891
2030,2015
2030,2197
2030,1598
2030,3382
2030,1694
2030,1199
2030,2498
2030,3189
2030,2346
2030,848
2030,2010
2030,198
2030,846
2030,690
2030,1978
2030,2945
2030,1556
2030,2575
2030,2751
2030,3417
2030,1437
2030,1379
2030,1719
2030,2582
2030,3502
2030,3183
2030,2335
2030,1072
2030,2364
2030,544
2030,1202
2030,1515
2030,1165
2030,1971
2030,2161
2030,3356
3158,1833
3158,796
3158,349
3158,2479
3158,2799
3158,2250
3158,2544
3158,2989
3158,1449
3158,2538
3158,332
3158,1252
3158,1891
3158,2015
3158,2197
3158,1598
3158,3382
3158,1694
3158,1199
3158,2498
3158,3189
3158,2346
3158,848
3158,2010
3158,198
3158,846
3158,690
3158,1978
3158,2945
3158,1556
3158,2575
3158,2751
3158,3417
3158,1437
3158,1379
3158,1719
3158,2582
3158,3502
3158,3183
3158,2335
3158,1072
3158,2364
3158,544
3158,1202
3158,1515
3158,1165
3158,1971
3158,2161
3158,3356
2723,1833
2723,796
2723,349
2723,2479
2723,2799
2723,2250
2723,2544
2723,2989
2723,1449
2723,2538
2723,332
2723,1252
2723,1891
2723,2015
2723,2197
2723,1598
2723,3382
2723,1694
2723,1199
2723,2498
2723,3189
2723,2346
2723,848
2723,2010
2723,198
2723,846
2723,690
2723,1978
2723,2945
2723,1556
2723,2575
2723,2751
2723,3417
2723,1437
2723,1379
2723,1719
2723,2582
2723,3502
2723,3183
2723,2335
2723,1072
2723,2364
2723,544
2723,1202
2723,1515
2723,1165
2723,1971
2723,2161
2723,3356
217,1833
217,796
217,349
217,2479
217,2799
217,2250
217,2544
217,2989
217,1449
217,2538
217,332
217,1252
217,1891
217,2015
217,2197
217,1598
217,3382
217,1694
217,1199
217,2498
217,3189
217,2346
217,848
217,2010
217,198
217,846
217,690
217,1978
217,2945
217,1556
217,2575
217,2751
217,3417
217,1437
217,1379
217,1719
217,2582
217,3502
217,3183
217,2335
217,1072
217,2364
217,544
217,1202
217,1515
217,1165
217,1971
217,2161
217,3356
3658,1833
3658,796
3658,349
3658,2479
3658,2799
3658,2250
3658,2544
3658,2989
3658,1449
3658,2538
3658,332
3658,1252
3658,1891
3658,2015
3658,2197
3658,1598
3658,3382
3658,1694
3658,1199
3658,2498
3658,3189
3658,2346
3658,848
3658,2010
3658,198
3658,846
3658,690
3658,1978
3658,2945
3658,1556
3658,2575
3658,2751
3658,3417
3658,1437
3658,1379
3658,1719
3658,2582
3658,3502
3658,3183
3658,2335
3658,1072
3658,2364
3658,544
3658,1202
3658,1515
3658,1165
3658,1971
3658,2161
3658,3356
2253,1833
2253,796
2253,349
2253,2479
2253,2799
2253,2250
2253,2544
2253,2989
2253,1449
2253,2538
2253,332
2253,1252
2253,1891
2253,2015
2253,2197
2253,1598
2253,3382
2253,1694
2253,1199
2253,2498
2253,3189
2253,2346
2253,848
2253,2010
2253,198
2253,846
2253,690
2253,1978
2253,2945
2253,1556
2253,2575
2253,2751
2253,3417
2253,1437
2253,1379
2253,1719
2253,2582
2253,3502
2253,3183
2253,2335
2253,1072
2253,2364
2253,544
2253,1202
2253,1515
2253,1165
2253,1971
2253,2161
2253,3356
2641,1833
2641,796
2641,349
2641,2479
2641,2799
2641,2250
2641,2544
2641,2989
2641,1449
2641,2538
2641,332
2641,1252
2641,1891
2641,2015
2641,2197
2641,1598
2641,3382
2641,1694
2641,1199
2641,2498
2641,3189
2641,2346
2641,848
2641,2010
2641,198
2641,846
2641,690
2641,1978
2641,2945
2641,1556
2641,2575
2641,2751
2641,3417
2641,1437
2641,1379
2641,1719
2641,2582
2641,3502
2641,3183
2641,2335
2641,1072
2641,2364
2641,544
2641,1202
2641,1515
2641,1165
2641,1971
2641,2161
2641,3356
1177,1833
1177,796
1177,349
1177,2479
1177,2799
1177,2250
1177,2544
1177,2989
1177,1449
1177,2538
1177,332
1177,1252
1177,1891
1177,2015
1177,2197
1177,1598
1177,3382
1177,1694
1177,1199
1177,2498
1177,3189
1177,2346
1177,848
1177,2010
1177,198
1177,846
1177,690
1177,1978
1177,2945
1177,1556
1177,2575
1177,2751
1177,3417
1177,1437
1177,1379
1177,1719
1177,2582
1177,3502
1177,3183
1177,2335
1177,1072
1177,2364
1177,544
1177,1202
1177,1515
1177,1165
1177,1971
1177,2161
1177,3356
1726,1833
1726,796
1726,349
1726,2479
1726,2799
1726,2250
1726,2544
1726,2989
1726,1449
1726,2538
1726,332
1726,1252
1726,1891
1726,2015
1726,2197
1726,1598
1726,3382
1726,1694
1726,1199
1726,2498
1726,3189
1726,2346
1726,848
1726,2010
1726,198
1726,846
1726,690
1726,1978
1726,2945
1726,1556
1726,2575
1726,2751
1726,3417
1726,1437
1726,1379
1726,1719
1726,2582
1726,3502
1726,3183
1726,2335
1726,1072
1726,2364
1726,544
1726,1202
1726,1515
1726,1165
1726,1971
1726,2161
1726,3356
3234,1833
3234,796
3234,349
3234,2479
3234,2799
3234,2250
3234,2544
3234,2989
3234,1449
3234,2538
3234,332
3234,1252
3234,1891
3234,2015
3234,2197
3234,1598
3234,3382
3234,1694
3234,1199
3234,2498
3234,3189
3234,2346
3234,848
3234,2010
3234,198
3234,846
3234,690
3234,1978
3234,2945
3234,1556
3234,2575
3234,2751
3234,3417
3234,1437
3234,1379
3234,1719
3234,2582
3234,3502
3234,3183
3234,2335
3234,1072
3234,2364
3234,544
3234,1202
3234,1515
3234,1165
3234,1971
3234,2161
3234,3356
139,1833
139,796
139,349
139,2479
139,2799
139,2250
139,2544
139,2989
139,1449
139,2538
139,332
139,1252
139,1891
139,2015
139,2197
139,1598
139,3382
139,1694
139,1199
139,2498
139,3189
139,2346
139,848
139,2010
139,198
139,846
139,690
139,1978
139,2945
139,1556
139,2575
139,2751
139,3417
139,1437
139,1379
139,1719
139,2582
139,3502
139,3183
139,2335
139,1072
139,2364
139,544
139,1202
139,1515
139,1165
139,1971
139,2161
139,3356
433,1833
433,796
433,349
433,2479
433,2799
433,2250
433,2544
433,2989
433,1449
433,2538
433,332
433,1252
433,1891
433,2015
433,2197
433,1598
433,3382
433,1694
433,1199
433,2498
433,3189
433,2346
433,848
433,2010
433,198
433,846
433,690
433,1978
433,2945
433,1556
433,2575
433,2751
433,3417
433,1437
433,1379
433,1719
433,2582
433,3502
433,3183
433,2335
433,1072
433,2364
433,544
433,1202
433,1515
433,1165
433,1971
433,2161
433,3356
2313,1833
2313,796
2313,349
2313,2479
2313,2799
2313,2250
2313,2544
2313,2989
2313,1449
2313,2538
2313,332
2313,1252
2313,1891
2313,2015
2313,2197
2313,1598
2313,3382
2313,1694
2313,1199
2313,2498
2313,3189
2313,2346
2313,848
2313,2010
2313,198
2313,846
2313,690
2313,1978
2313,2945
2313,1556
2313,2575
2313,2751
2313,3417
2313,1437
2313,1379
2313,1719
2313,2582
2313,3502
2313,3183
2313,2335
2313,1072
2313,2364
2313,544
2313,1202
2313,1515
2313,1165
2313,1971
2313,2161
2313,3356
578,1833
578,796
578,349
578,2479
578,2799
578,2250
578,2544
578,2989
578,1449
578,2538
578,332
578,1252
578,1891
578,2015
578,2197
578,1598
578,3382
578,1694
578,1199
578,2498
578,3189
578,2346
578,848
578,2010
578,198
578,846
578,690
578,1978
578,2945
578,1556
578,2575
578,2751
578,3417
578,1437
578,1379
578,1719
578,2582
578,3502
578,3183
578,2335
578,1072
578,2364
578,544
578,1202
578,1515
578,1165
578,1971
578,2161
578,3356
3213,1833
3213,796
3213,349
3213,2479
3213,2799
3213,2250
3213,2544
3213,2989
3213,1449
3213,2538
3213,332
3213,1252
3213,1891
3213,2015
3213,2197
3213,1598
3213,3382
3213,1694
3213,1199
3213,2498
3213,3189
3213,2346
3213,848
3213,2010
3213,198
3213,846
3213,690
3213,1978
3213,2945
3213,1556
3213,2575
3213,2751
3213,3417
3213,1437
3213,1379
3213,1719
3213,2582
3213,3502
3213,3183
3213,2335
3213,1072
3213,2364
3213,544
3213,1202
3213,1515
3213,1165
3213,1971
3213,2161
3213,3356
3367,1833
3367,796
3367,349
3367,2479
3367,2799
3367,2250
3367,2544
3367,2989
3367,1449
3367,2538
3367,332
3367,1252
3367,1891
3367,2015
3367,2197
3367,1598
3367,3382
3367,1694
3367,1199
3367,2498
3367,3189
3367,2346
3367,848
3367,2010
3367,198
3367,846
3367,690
3367,1978
3367,2945
3367,1556
3367,2575
3367,2751
3367,3417
3367,1437
3367,1379
3367,1719
3367,2582
3367,3502
3367,3183
3367,2335
3367,1072
3367,2364
3367,544
3367,1202
3367,1515
3367,1165
3367,1971
3367,2161
3367,3356
347,1833
347,796
347,349
347,2479
347,2799
347,2250
347,2544
347,2989
347,1449
347,2538
347,332
347,1252
347,1891
347,2015
347,2197
347,1598
347,3382
347,1694
347,1199
347,2498
347,3189
347,2346
347,848
347,2010
347,198
347,846
347,690
347,1978
347,2945
347,1556
347,2575
347,2751
347,3417
347,1437
347,1379
347,1719
347,2582
347,3502
347,3183
347,2335
347,1072
347,2364
347,544
347,1202
347,1515
347,1165
347,1971
347,2161
347,3356
3303,1833
3303,796
3303,349
3303,2479
3303,2799
3303,2250
3303,2544
3303,2989
3303,1449
3303,2538
3303,332
3303,1252
3303,1891
3303,2015
3303,2197
3303,1598
3303,3382
3303,1694
3303,1199
3303,2498
3303,3189
3303,2346
3303,848
3303,2010
3303,198
3303,846
3303,690
3303,1978
3303,2945
3303,1556
3303,2575
3303,2751
3303,3417
3303,1437
3303,1379
3303,1719
3303,2582
3303,3502
3303,3183
3303,2335
3303,1072
3303,2364
3303,544
3303,1202
3303,1515
3303,1165
3303,1971
3303,2161
3303,3356
2526,1833
2526,796
2526,349
2526,2479
2526,2799
2526,2250
2526,2544
2526,2989
2526,1449
2526,2538
2526,332
2526,1252
2526,1891
2526,2015
2526,2197
2526,1598
2526,3382
2526,1694
2526,1199
2526,2498
2526,3189
2526,2346
2526,848
2526,2010
2526,198
2526,846
2526,690
2526,1978
2526,2945
2526,1556
2526,2575
2526,2751
2526,3417
2526,1437
2526,1379
2526,1719
2526,2582
2526,3502
2526,3183
2526,2335
2526,1072
2526,2364
2526,544
2526,1202
2526,1515
2526,1165
2526,1971
2526,2161
2526,3356
3320,1833
3320,796
3320,349
3320,2479
3320,2799
3320,2250
3320,2544
3320,2989
3320,1449
3320,2538
3320,332
3320,1252
3320,1891
3320,2015
3320,2197
3320,1598
3320,3382
3320,1694
3320,1199
3320,2498
3320,3189
3320,2346
3320,848
3320,2010
3320,198
3320,846
3320,690
3320,1978
3320,2945
3320,1556
3320,2575
3320,2751
3320,3417
3320,1437
3320,1379
3320,1719
3320,2582
3320,3502
3320,3183
3320,2335
3320,1072
3320,2364
3320,544
3320,1202
3320,1515
3320,1165
3320,1971
3320,2161
3320,3356
3046,1833
3046,796
3046,349
3046,2479
3046,2799
3046,2250
3046,2544
3046,2989
3046,1449
3046,2538
3046,332
3046,1252
3046,1891
3046,2015
3046,2197
3046,1598
3046,3382
3046,1694
3046,1199
3046,2498
3046,3189
3046,2346
3046,848
3046,2010
3046,198
3046,846
3046,690
3046,1978
3046,2945
3046,1556
3046,2575
3046,2751
3046,3417
3046,1437
3046,1379
3046,1719
3046,2582
3046,3502
3046,3183
3046,2335
3046,1072
3046,2364
3046,544
3046,1202
3046,1515
3046,1165
3046,1971
3046,2161
3046,3356
3282,1833
3282,796
3282,349
3282,2479
3282,2799
3282,2250
3282,2544
3282,2989
3282,1449
3282,2538
3282,332
3282,1252
3282,1891
3282,2015
3282,2197
3282,1598
3282,3382
3282,1694
3282,1199
3282,2498
3282,3189
3282,2346
3282,848
3282,2010
3282,198
3282,846
3282,690
3282,1978
3282,2945
3282,1556
3282,2575
3282,2751
3282,3417
3282,1437
3282,1379
3282,1719
3282,2582
3282,3502
3282,3183
3282,2335
3282,1072
3282,2364
3282,544
3282,1202
3282,1515
3282,1165
3282,1971
3282,2161
3282,3356
1715,1833
1715,796
1715,349
1715,2479
1715,2799
1715,2250
1715,2544
1715,2989
1715,1449
1715,2538
1715,332
1715,1252
1715,1891
1715,2015
1715,2197
1715,1598
1715,3382
1715,1694
1715,1199
1715,2498
1715,3189
1715,2346
1715,848
1715,2010
1715,198
1715,846
1715,690
1715,1978
1715,2945
1715,1556
1715,2575
1715,2751
1715,3417
1715,1437
1715,1379
1715,1719
1715,2582
1715,3502
1715,3183
1715,2335
1715,1072
1715,2364
1715,544
1715,1202
1715,1515
1715,1165
1715,1971
1715,2161
1715,3356
2490,1833
2490,796
2490,349
2490,2479
2490,2799
2490,2250
2490,2544
2490,2989
2490,1449
2490,2538
2490,332
2490,1252
2490,1891
2490,2015
2490,2197
2490,1598
2490,3382
2490,1694
2490,1199
2490,2498
2490,3189
2490,2346
2490,848
2490,2010
2490,198
2490,846
2490,690
2490,1978
2490,2945
2490,1556
2490,2575
2490,2751
2490,3417
2490,1437
2490,1379
2490,1719
2490,2582
2490,3502
2490,3183
2490,2335
2490,1072
2490,2364
2490,544
2490,1202
2490,1515
2490,1165
2490,1971
2490,2161
2490,3356
3627,1833
3627,796
3627,349
3627,2479
3627,2799
3627,2250
3627,2544
3627,2989
3627,1449
3627,2538
3627,332
3627,1252
3627,1891
3627,2015
3627,2197
3627,1598
3627,3382
3627,1694
3627,1199
3627,2498
3627,3189
3627,2346
3627,848
3627,2010
3627,198
3627,846
3627,690
3627,1978
3627,2945
3627,1556
3627,2575
3627,2751
3627,3417
3627,1437
3627,1379
3627,1719
3627,2582
3627,3502
3627,3183
3627,2335
3627,1072
3627,2364
3627,544
3627,1202
3627,1515
3627,1165
3627,1971
3627,2161
3627,3356
3337,1833
3337,796
3337,349
3337,2479
3337,2799
3337,2250
3337,2544
3337,2989
3337,1449
3337,2538
3337,332
3337,1252
3337,1891
3337,2015
3337,2197
3337,1598
3337,3382
3337,1694
3337,1199
3337,2498
3337,3189
3337,2346
3337,848
3337,2010
3337,198
3337,846
3337,690
3337,1978
3337,2945
3337,1556
3337,2575
3337,2751
3337,3417
3337,1437
3337,1379
3337,1719
3337,2582
3337,3502
3337,3183
3337,2335
3337,1072
3337,2364
3337,544
3337,1202
3337,1515
3337,1165
3337,1971
3337,2161
3337,3356
3781,1833
3781,796
3781,349
3781,2479
3781,2799
3781,2250
3781,2544
3781,2989
3781,1449
3781,2538
3781,332
3781,1252
3781,1891
3781,2015
3781,2197
3781,1598
3781,3382
3781,1694
3781,1199
3781,2498
3781,3189
3781,2346
3781,848
3781,2010
3781,198
3781,846
3781,690
3781,1978
3781,2945
3781,1556
3781,2575
3781,2751
3781,3417
3781,1437
3781,1379
3781,1719
3781,2582
3781,3502
3781,3183
3781,2335
3781,1072
3781,2364
3781,544
3781,1202
3781,1515
3781,1165
3781,1971
3781,2161
3781,3356
143,274
143,2971
912,274
912,2971
2373,2396
2373,3328
2373,1232
2373,906
2373,1970
2373,3255
2373,2667
2373,3529
2373,1142
2373,2380
2373,3523
2373,1043
3383,2396
3383,3328
3383,1232
3383,906
3383,1970
3383,3255
3383,2667
3383,3529
3383,1142
3383,2380
3383,3523
3383,1043
1988,2396
1988,3328
1988,1232
1988,906
1988,1970
1988,3255
1988,2667
1988,3529
1988,1142
1988,2380
1988,3523
1988,1043
2660,2396
2660,3328
2660,1232
2660,906
2660,1970
2660,3255
2660,2667
2660,3529
2660,1142
2660,2380
2660,3523
2660,1043
1221,2396
1221,3328
1221,1232
1221,906
1221,1970
1221,3255
1221,2667
1221,3529
1221,1142
1221,2380
1221,3523
1221,1043
146,2396
146,3328
146,1232
146,906
146,1970
146,3255
146,2667
146,3529
146,1142
146,2380
146,3523
146,1043
1968,2396
1968,3328
1968,1232
1968,906
1968,1970
1968,3255
1968,2667
1968,3529
1968,1142
1968,2380
1968,3523
1968,1043
149,2586
149,831
151,2460
417,877
417,2869
152,877
152,2869
153,2727
153,2965
3233,2727
3233,2965
2751,2727
2751,2965
154,3505
154,4
154,3683
154,1924
154,1363
154,61
154,1770
154,1184
154,2432
154,1179
154,1092
154,1867
154,3699
154,65
154,86
154,663
314,3505
314,4
314,3683
314,1924
314,1363
314,61
314,1770
314,1184
314,2432
314,1179
314,1092
314,1867
314,3699
314,65
314,86
314,663
1184,2268
155,2268
156,2133
1252,2133
2673,1462
2673,1818
2673,3178
2673,2792
2673,1187
2673,2122
2673,794
2673,1375
2673,957
2673,3566
2673,2636
2673,973
2673,1527
2673,1968
2673,1328
2673,1376
2673,1966
2673,3102
2673,2162
2673,2994
2673,667
2673,2707
2673,1658
2673,2120
3312,1462
3312,1818
3312,3178
3312,2792
3312,1187
3312,2122
3312,794
3312,1375
3312,957
3312,3566
3312,2636
3312,973
3312,1527
3312,1968
3312,1328
3312,1376
3312,1966
3312,3102
3312,2162
3312,2994
3312,667
3312,2707
3312,1658
3312,2120
157,1462
157,1818
157,3178
157,2792
157,1187
157,2122
157,794
157,1375
157,957
157,3566
157,2636
157,973
157,1527
157,1968
157,1328
157,1376
157,1966
157,3102
157,2162
157,2994
157,667
157,2707
157,1658
157,2120
951,1462
951,1818
951,3178
951,2792
951,1187
951,2122
951,794
951,1375
951,957
951,3566
951,2636
951,973
951,1527
951,1968
951,1328
951,1376
951,1966
951,3102
951,2162
951,2994
951,667
951,2707
951,1658
951,2120
2325,1462
2325,1818
2325,3178
2325,2792
2325,1187
2325,2122
2325,794
2325,1375
2325,957
2325,3566
2325,2636
2325,973
2325,1527
2325,1968
2325,1328
2325,1376
2325,1966
2325,3102
2325,2162
2325,2994
2325,667
2325,2707
2325,1658
2325,2120
1960,1462
1960,1818
1960,3178
1960,2792
1960,1187
1960,2122
1960,794
1960,1375
1960,957
1960,3566
1960,2636
1960,973
1960,1527
1960,1968
1960,1328
1960,1376
1960,1966
1960,3102
1960,2162
1960,2994
1960,667
1960,2707
1960,1658
1960,2120
3040,1462
3040,1818
3040,3178
3040,2792
3040,1187
3040,2122
3040,794
3040,1375
3040,957
3040,3566
3040,2636
3040,973
3040,1527
3040,1968
3040,1328
3040,1376
3040,1966
3040,3102
3040,2162
3040,2994
3040,667
3040,2707
3040,1658
3040,2120
642,813
573,813
3269,813
158,813
2208,1578
159,1578
353,1680
353,99
353,1475
353,74
353,3229
353,728
353,3663
353,2654
353,222
353,1424
353,1792
353,85
353,607
353,1590
353,787
1572,1680
1572,99
1572,1475
1572,74
1572,3229
1572,728
1572,3663
1572,2654
1572,222
1572,1424
1572,1792
1572,85
1572,607
1572,1590
1572,787
1292,1680
1292,99
1292,1475
1292,74
1292,3229
1292,728
1292,3663
1292,2654
1292,222
1292,1424
1292,1792
1292,85
1292,607
1292,1590
1292,787
160,1680
160,99
160,1475
160,74
160,3229
160,728
160,3663
160,2654
160,222
160,1424
160,1792
160,85
160,607
160,1590
160,787
3747,1680
3747,99
3747,1475
3747,74
3747,3229
3747,728
3747,3663
3747,2654
3747,222
3747,1424
3747,1792
3747,85
3747,607
3747,1590
3747,787
162,803
3623,803
3502,446
3502,102
3502,733
3502,143
3502,3027
3502,2939
3502,3325
3502,1772
3502,3321
3502,1221
3502,1942
3502,1045
3502,1899
3502,2132
3502,1192
3502,1775
3502,3574
3502,250
3688,446
3688,102
3688,733
3688,143
3688,3027
3688,2939
3688,3325
3688,1772
3688,3321
3688,1221
3688,1942
3688,1045
3688,1899
3688,2132
3688,1192
3688,1775
3688,3574
3688,250
3867,446
3867,102
3867,733
3867,143
3867,3027
3867,2939
3867,3325
3867,1772
3867,3321
3867,1221
3867,1942
3867,1045
3867,1899
3867,2132
3867,1192
3867,1775
3867,3574
3867,250
164,446
164,102
164,733
164,143
164,3027
164,2939
164,3325
164,1772
164,3321
164,1221
164,1942
164,1045
164,1899
164,2132
164,1192
164,1775
164,3574
164,250
3035,446
3035,102
3035,733
3035,143
3035,3027
3035,2939
3035,3325
3035,1772
3035,3321
3035,1221
3035,1942
3035,1045
3035,1899
3035,2132
3035,1192
3035,1775
3035,3574
3035,250
746,446
746,102
746,733
746,143
746,3027
746,2939
746,3325
746,1772
746,3321
746,1221
746,1942
746,1045
746,1899
746,2132
746,1192
746,1775
746,3574
746,250
392,446
392,102
392,733
392,143
392,3027
392,2939
392,3325
392,1772
392,3321
392,1221
392,1942
392,1045
392,1899
392,2132
392,1192
392,1775
392,3574
392,250
3749,446
3749,102
3749,733
3749,143
3749,3027
3749,2939
3749,3325
3749,1772
3749,3321
3749,1221
3749,1942
3749,1045
3749,1899
3749,2132
3749,1192
3749,1775
3749,3574
3749,250
1484,446
1484,102
1484,733
1484,143
1484,3027
1484,2939
1484,3325
1484,1772
1484,3321
1484,1221
1484,1942
1484,1045
1484,1899
1484,2132
1484,1192
1484,1775
1484,3574
1484,250
3065,446
3065,102
3065,733
3065,143
3065,3027
3065,2939
3065,3325
3065,1772
3065,3321
3065,1221
3065,1942
3065,1045
3065,1899
3065,2132
3065,1192
3065,1775
3065,3574
3065,250
2573,446
2573,102
2573,733
2573,143
2573,3027
2573,2939
2573,3325
2573,1772
2573,3321
2573,1221
2573,1942
2573,1045
2573,1899
2573,2132
2573,1192
2573,1775
2573,3574
2573,250
762,446
762,102
762,733
762,143
762,3027
762,2939
762,3325
762,1772
762,3321
762,1221
762,1942
762,1045
762,1899
762,2132
762,1192
762,1775
762,3574
762,250
714,446
714,102
714,733
714,143
714,3027
714,2939
714,3325
714,1772
714,3321
714,1221
714,1942
714,1045
714,1899
714,2132
714,1192
714,1775
714,3574
714,250
3676,446
3676,102
3676,733
3676,143
3676,3027
3676,2939
3676,3325
3676,1772
3676,3321
3676,1221
3676,1942
3676,1045
3676,1899
3676,2132
3676,1192
3676,1775
3676,3574
3676,250
2374,446
2374,102
2374,733
2374,143
2374,3027
2374,2939
2374,3325
2374,1772
2374,3321
2374,1221
2374,1942
2374,1045
2374,1899
2374,2132
2374,1192
2374,1775
2374,3574
2374,250
2177,997
3481,997
166,997
167,177
167,197
173,1992
173,1746
173,2410
173,3552
173,471
173,2798
173,435
2309,1992
2309,1746
2309,2410
2309,3552
2309,471
2309,2798
2309,435
3218,1992
3218,1746
3218,2410
3218,3552
3218,471
3218,2798
3218,435
3287,1992
3287,1746
3287,2410
3287,3552
3287,471
3287,2798
3287,435
174,156
1171,1934
1171,547
175,1934
175,547
2855,1934
2855,547
180,1880
181,1822
3150,2035
182,2035
939,2035
1416,2035
3556,788
183,788
184,703
185,1778
195,18
2225,1186
2225,2791
2225,537
2225,3272
2225,3180
2225,107
2225,1308
2225,2099
2225,1495
2225,2231
2225,173
2225,3603
2225,2403
2225,2943
2225,573
2225,1229
2225,2463
2225,3661
2225,2797
2225,1115
2225,39
2225,1398
2225,3643
2225,2435
3673,1186
3673,2791
3673,537
3673,3272
3673,3180
3673,107
3673,1308
3673,2099
3673,1495
3673,2231
3673,173
3673,3603
3673,2403
3673,2943
3673,573
3673,1229
3673,2463
3673,3661
3673,2797
3673,1115
3673,39
3673,1398
3673,3643
3673,2435
3647,1186
3647,2791
3647,537
3647,3272
3647,3180
3647,107
3647,1308
3647,2099
3647,1495
3647,2231
3647,173
3647,3603
3647,2403
3647,2943
3647,573
3647,1229
3647,2463
3647,3661
3647,2797
3647,1115
3647,39
3647,1398
3647,3643
3647,2435
3022,1186
3022,2791
3022,537
3022,3272
3022,3180
3022,107
3022,1308
3022,2099
3022,1495
3022,2231
3022,173
3022,3603
3022,2403
3022,2943
3022,573
3022,1229
3022,2463
3022,3661
3022,2797
3022,1115
3022,39
3022,1398
3022,3643
3022,2435
1488,1186
1488,2791
1488,537
1488,3272
1488,3180
1488,107
1488,1308
1488,2099
1488,1495
1488,2231
1488,173
1488,3603
1488,2403
1488,2943
1488,573
1488,1229
1488,2463
1488,3661
1488,2797
1488,1115
1488,39
1488,1398
1488,3643
1488,2435
2185,1186
2185,2791
2185,537
2185,3272
2185,3180
2185,107
2185,1308
2185,2099
2185,1495
2185,2231
2185,173
2185,3603
2185,2403
2185,2943
2185,573
2185,1229
2185,2463
2185,3661
2185,2797
2185,1115
2185,39
2185,1398
2185,3643
2185,2435
1351,1186
1351,2791
1351,537
1351,3272
1351,3180
1351,107
1351,1308
1351,2099
1351,1495
1351,2231
1351,173
1351,3603
1351,2403
1351,2943
1351,573
1351,1229
1351,2463
1351,3661
1351,2797
1351,1115
1351,39
1351,1398
1351,3643
1351,2435
2595,1186
2595,2791
2595,537
2595,3272
2595,3180
2595,107
2595,1308
2595,2099
2595,1495
2595,2231
2595,173
2595,3603
2595,2403
2595,2943
2595,573
2595,1229
2595,2463
2595,3661
2595,2797
2595,1115
2595,39
2595,1398
2595,3643
2595,2435
1490,1186
1490,2791
1490,537
1490,3272
1490,3180
1490,107
1490,1308
1490,2099
1490,1495
1490,2231
1490,173
1490,3603
1490,2403
1490,2943
1490,573
1490,1229
1490,2463
1490,3661
1490,2797
1490,1115
1490,39
1490,1398
1490,3643
1490,2435
1335,1186
1335,2791
1335,537
1335,3272
1335,3180
1335,107
1335,1308
1335,2099
1335,1495
1335,2231
1335,173
1335,3603
1335,2403
1335,2943
1335,573
1335,1229
1335,2463
1335,3661
1335,2797
1335,1115
1335,39
1335,1398
1335,3643
1335,2435
3766,1186
3766,2791
3766,537
3766,3272
3766,3180
3766,107
3766,1308
3766,2099
3766,1495
3766,2231
3766,173
3766,3603
3766,2403
3766,2943
3766,573
3766,1229
3766,2463
3766,3661
3766,2797
3766,1115
3766,39
3766,1398
3766,3643
3766,2435
343,1186
343,2791
343,537
343,3272
343,3180
343,107
343,1308
343,2099
343,1495
343,2231
343,173
343,3603
343,2403
343,2943
343,573
343,1229
343,2463
343,3661
343,2797
343,1115
343,39
343,1398
343,3643
343,2435
2915,1186
2915,2791
2915,537
2915,3272
2915,3180
2915,107
2915,1308
2915,2099
2915,1495
2915,2231
2915,173
2915,3603
2915,2403
2915,2943
2915,573
2915,1229
2915,2463
2915,3661
2915,2797
2915,1115
2915,39
2915,1398
2915,3643
2915,2435
196,1186
196,2791
196,537
196,3272
196,3180
196,107
196,1308
196,2099
196,1495
196,2231
196,173
196,3603
196,2403
196,2943
196,573
196,1229
196,2463
196,3661
196,2797
196,1115
196,39
196,1398
196,3643
196,2435
1767,1186
1767,2791
1767,537
1767,3272
1767,3180
1767,107
1767,1308
1767,2099
1767,1495
1767,2231
1767,173
1767,3603
1767,2403
1767,2943
1767,573
1767,1229
1767,2463
1767,3661
1767,2797
1767,1115
1767,39
1767,1398
1767,3643
1767,2435
3662,1186
3662,2791
3662,537
3662,3272
3662,3180
3662,107
3662,1308
3662,2099
3662,1495
3662,2231
3662,173
3662,3603
3662,2403
3662,2943
3662,573
3662,1229
3662,2463
3662,3661
3662,2797
3662,1115
3662,39
3662,1398
3662,3643
3662,2435
3021,1186
3021,2791
3021,537
3021,3272
3021,3180
3021,107
3021,1308
3021,2099
3021,1495
3021,2231
3021,173
3021,3603
3021,2403
3021,2943
3021,573
3021,1229
3021,2463
3021,3661
3021,2797
3021,1115
3021,39
3021,1398
3021,3643
3021,2435
2142,1186
2142,2791
2142,537
2142,3272
2142,3180
2142,107
2142,1308
2142,2099
2142,1495
2142,2231
2142,173
2142,3603
2142,2403
2142,2943
2142,573
2142,1229
2142,2463
2142,3661
2142,2797
2142,1115
2142,39
2142,1398
2142,3643
2142,2435
804,1186
804,2791
804,537
804,3272
804,3180
804,107
804,1308
804,2099
804,1495
804,2231
804,173
804,3603
804,2403
804,2943
804,573
804,1229
804,2463
804,3661
804,2797
804,1115
804,39
804,1398
804,3643
804,2435
395,1186
395,2791
395,537
395,3272
395,3180
395,107
395,1308
395,2099
395,1495
395,2231
395,173
395,3603
395,2403
395,2943
395,573
395,1229
395,2463
395,3661
395,2797
395,1115
395,39
395,1398
395,3643
395,2435
498,1186
498,2791
498,537
498,3272
498,3180
498,107
498,1308
498,2099
498,1495
498,2231
498,173
498,3603
498,2403
498,2943
498,573
498,1229
498,2463
498,3661
498,2797
498,1115
498,39
498,1398
498,3643
498,2435
1029,1186
1029,2791
1029,537
1029,3272
1029,3180
1029,107
1029,1308
1029,2099
1029,1495
1029,2231
1029,173
1029,3603
1029,2403
1029,2943
1029,573
1029,1229
1029,2463
1029,3661
1029,2797
1029,1115
1029,39
1029,1398
1029,3643
1029,2435
397,1186
397,2791
397,537
397,3272
397,3180
397,107
397,1308
397,2099
397,1495
397,2231
397,173
397,3603
397,2403
397,2943
397,573
397,1229
397,2463
397,3661
397,2797
397,1115
397,39
397,1398
397,3643
397,2435
2755,1186
2755,2791
2755,537
2755,3272
2755,3180
2755,107
2755,1308
2755,2099
2755,1495
2755,2231
2755,173
2755,3603
2755,2403
2755,2943
2755,573
2755,1229
2755,2463
2755,3661
2755,2797
2755,1115
2755,39
2755,1398
2755,3643
2755,2435
414,1186
414,2791
414,537
414,3272
414,3180
414,107
414,1308
414,2099
414,1495
414,2231
414,173
414,3603
414,2403
414,2943
414,573
414,1229
414,2463
414,3661
414,2797
414,1115
414,39
414,1398
414,3643
414,2435
198,43
199,514
200,514
202,597
205,1365
205,2055
739,1365
739,2055
2688,1742
2688,1548
2688,538
2688,1570
2688,1076
2688,2147
2688,740
2688,3031
2688,515
2688,2200
2688,2927
2688,2870
2688,2418
2688,2577
2688,2339
2688,3021
2688,1786
2688,1014
2688,516
2688,2401
2688,2317
2688,3604
2688,2603
2688,911
2688,3291
2688,2505
2688,3124
2557,1742
2557,1548
2557,538
2557,1570
2557,1076
2557,2147
2557,740
2557,3031
2557,515
2557,2200
2557,2927
2557,2870
2557,2418
2557,2577
2557,2339
2557,3021
2557,1786
2557,1014
2557,516
2557,2401
2557,2317
2557,3604
2557,2603
2557,911
2557,3291
2557,2505
2557,3124
2134,1742
2134,1548
2134,538
2134,1570
2134,1076
2134,2147
2134,740
2134,3031
2134,515
2134,2200
2134,2927
2134,2870
2134,2418
2134,2577
2134,2339
2134,3021
2134,1786
2134,1014
2134,516
2134,2401
2134,2317
2134,3604
2134,2603
2134,911
2134,3291
2134,2505
2134,3124
3365,1742
3365,1548
3365,538
3365,1570
3365,1076
3365,2147
3365,740
3365,3031
3365,515
3365,2200
3365,2927
3365,2870
3365,2418
3365,2577
3365,2339
3365,3021
3365,1786
3365,1014
3365,516
3365,2401
3365,2317
3365,3604
3365,2603
3365,911
3365,3291
3365,2505
3365,3124
1727,1742
1727,1548
1727,538
1727,1570
1727,1076
1727,2147
1727,740
1727,3031
1727,515
1727,2200
1727,2927
1727,2870
1727,2418
1727,2577
1727,2339
1727,3021
1727,1786
1727,1014
1727,516
1727,2401
1727,2317
1727,3604
1727,2603
1727,911
1727,3291
1727,2505
1727,3124
3186,1742
3186,1548
3186,538
3186,1570
3186,1076
3186,2147
3186,740
3186,3031
3186,515
3186,2200
3186,2927
3186,2870
3186,2418
3186,2577
3186,2339
3186,3021
3186,1786
3186,1014
3186,516
3186,2401
3186,2317
3186,3604
3186,2603
3186,911
3186,3291
3186,2505
3186,3124
618,1742
618,1548
618,538
618,1570
618,1076
618,2147
618,740
618,3031
618,515
618,2200
618,2927
618,2870
618,2418
618,2577
618,2339
618,3021
618,1786
618,1014
618,516
618,2401
618,2317
618,3604
618,2603
618,911
618,3291
618,2505
618,3124
3475,1742
3475,1548
3475,538
3475,1570
3475,1076
3475,2147
3475,740
3475,3031
3475,515
3475,2200
3475,2927
3475,2870
3475,2418
3475,2577
3475,2339
3475,3021
3475,1786
3475,1014
3475,516
3475,2401
3475,2317
3475,3604
3475,2603
3475,911
3475,3291
3475,2505
3475,3124
219,1742
219,1548
219,538
219,1570
219,1076
219,2147
219,740
219,3031
219,515
219,2200
219,2927
219,2870
219,2418
219,2577
219,2339
219,3021
219,1786
219,1014
219,516
219,2401
219,2317
219,3604
219,2603
219,911
219,3291
219,2505
219,3124
2118,1742
2118,1548
2118,538
2118,1570
2118,1076
2118,2147
2118,740
2118,3031
2118,515
2118,2200
2118,2927
2118,2870
2118,2418
2118,2577
2118,2339
2118,3021
2118,1786
2118,1014
2118,516
2118,2401
2118,2317
2118,3604
2118,2603
2118,911
2118,3291
2118,2505
2118,3124
1314,1742
1314,1548
1314,538
1314,1570
1314,1076
1314,2147
1314,740
1314,3031
1314,515
1314,2200
1314,2927
1314,2870
1314,2418
1314,2577
1314,2339
1314,3021
1314,1786
1314,1014
1314,516
1314,2401
1314,2317
1314,3604
1314,2603
1314,911
1314,3291
1314,2505
1314,3124
602,1742
602,1548
602,538
602,1570
602,1076
602,2147
602,740
602,3031
602,515
602,2200
602,2927
602,2870
602,2418
602,2577
602,2339
602,3021
602,1786
602,1014
602,516
602,2401
602,2317
602,3604
602,2603
602,911
602,3291
602,2505
602,3124
654,1742
654,1548
654,538
654,1570
654,1076
654,2147
654,740
654,3031
654,515
654,2200
654,2927
654,2870
654,2418
654,2577
654,2339
654,3021
654,1786
654,1014
654,516
654,2401
654,2317
654,3604
654,2603
654,911
654,3291
654,2505
654,3124
3455,1742
3455,1548
3455,538
3455,1570
3455,1076
3455,2147
3455,740
3455,3031
3455,515
3455,2200
3455,2927
3455,2870
3455,2418
3455,2577
3455,2339
3455,3021
3455,1786
3455,1014
3455,516
3455,2401
3455,2317
3455,3604
3455,2603
3455,911
3455,3291
3455,2505
3455,3124
3840,1742
3840,1548
3840,538
3840,1570
3840,1076
3840,2147
3840,740
3840,3031
3840,515
3840,2200
3840,2927
3840,2870
3840,2418
3840,2577
3840,2339
3840,3021
3840,1786
3840,1014
3840,516
3840,2401
3840,2317
3840,3604
3840,2603
3840,911
3840,3291
3840,2505
3840,3124
206,1742
206,1548
206,538
206,1570
206,1076
206,2147
206,740
206,3031
206,515
206,2200
206,2927
206,2870
206,2418
206,2577
206,2339
206,3021
206,1786
206,1014
206,516
206,2401
206,2317
206,3604
206,2603
206,911
206,3291
206,2505
206,3124
2010,1742
2010,1548
2010,538
2010,1570
2010,1076
2010,2147
2010,740
2010,3031
2010,515
2010,2200
2010,2927
2010,2870
2010,2418
2010,2577
2010,2339
2010,3021
2010,1786
2010,1014
2010,516
2010,2401
2010,2317
2010,3604
2010,2603
2010,911
2010,3291
2010,2505
2010,3124
1023,1742
1023,1548
1023,538
1023,1570
1023,1076
1023,2147
1023,740
1023,3031
1023,515
1023,2200
1023,2927
1023,2870
1023,2418
1023,2577
1023,2339
1023,3021
1023,1786
1023,1014
1023,516
1023,2401
1023,2317
1023,3604
1023,2603
1023,911
1023,3291
1023,2505
1023,3124
3950,1742
3950,1548
3950,538
3950,1570
3950,1076
3950,2147
3950,740
3950,3031
3950,515
3950,2200
3950,2927
3950,2870
3950,2418
3950,2577
3950,2339
3950,3021
3950,1786
3950,1014
3950,516
3950,2401
3950,2317
3950,3604
3950,2603
3950,911
3950,3291
3950,2505
3950,3124
1901,1742
1901,1548
1901,538
1901,1570
1901,1076
1901,2147
1901,740
1901,3031
1901,515
1901,2200
1901,2927
1901,2870
1901,2418
1901,2577
1901,2339
1901,3021
1901,1786
1901,1014
1901,516
1901,2401
1901,2317
1901,3604
1901,2603
1901,911
1901,3291
1901,2505
1901,3124
3663,1742
3663,1548
3663,538
3663,1570
3663,1076
3663,2147
3663,740
3663,3031
3663,515
3663,2200
3663,2927
3663,2870
3663,2418
3663,2577
3663,2339
3663,3021
3663,1786
3663,1014
3663,516
3663,2401
3663,2317
3663,3604
3663,2603
3663,911
3663,3291
3663,2505
3663,3124
1744,1742
1744,1548
1744,538
1744,1570
1744,1076
1744,2147
1744,740
1744,3031
1744,515
1744,2200
1744,2927
1744,2870
1744,2418
1744,2577
1744,2339
1744,3021
1744,1786
1744,1014
1744,516
1744,2401
1744,2317
1744,3604
1744,2603
1744,911
1744,3291
1744,2505
1744,3124
2744,1742
2744,1548
2744,538
2744,1570
2744,1076
2744,2147
2744,740
2744,3031
2744,515
2744,2200
2744,2927
2744,2870
2744,2418
2744,2577
2744,2339
2744,3021
2744,1786
2744,1014
2744,516
2744,2401
2744,2317
2744,3604
2744,2603
2744,911
2744,3291
2744,2505
2744,3124
2648,1742
2648,1548
2648,538
2648,1570
2648,1076
2648,2147
2648,740
2648,3031
2648,515
2648,2200
2648,2927
2648,2870
2648,2418
2648,2577
2648,2339
2648,3021
2648,1786
2648,1014
2648,516
2648,2401
2648,2317
2648,3604
2648,2603
2648,911
2648,3291
2648,2505
2648,3124
3256,1742
3256,1548
3256,538
3256,1570
3256,1076
3256,2147
3256,740
3256,3031
3256,515
3256,2200
3256,2927
3256,2870
3256,2418
3256,2577
3256,2339
3256,3021
3256,1786
3256,1014
3256,516
3256,2401
3256,2317
3256,3604
3256,2603
3256,911
3256,3291
3256,2505
3256,3124
930,1742
930,1548
930,538
930,1570
930,1076
930,2147
930,740
930,3031
930,515
930,2200
930,2927
930,2870
930,2418
930,2577
930,2339
930,3021
930,1786
930,1014
930,516
930,2401
930,2317
930,3604
930,2603
930,911
930,3291
930,2505
930,3124
590,1742
590,1548
590,538
590,1570
590,1076
590,2147
590,740
590,3031
590,515
590,2200
590,2927
590,2870
590,2418
590,2577
590,2339
590,3021
590,1786
590,1014
590,516
590,2401
590,2317
590,3604
590,2603
590,911
590,3291
590,2505
590,3124
207,1080
209,724
3273,3670
3273,910
3273,2259
3273,2533
3273,3209
3273,3083
3273,1275
3273,1324
3273,2785
3273,1396
3273,2899
3273,1585
3273,2646
2847,3670
2847,910
2847,2259
2847,2533
2847,3209
2847,3083
2847,1275
2847,1324
2847,2785
2847,1396
2847,2899
2847,1585
2847,2646
1573,3670
1573,910
1573,2259
1573,2533
1573,3209
1573,3083
1573,1275
1573,1324
1573,2785
1573,1396
1573,2899
1573,1585
1573,2646
1419,3670
1419,910
1419,2259
1419,2533
1419,3209
1419,3083
1419,1275
1419,1324
1419,2785
1419,1396
1419,2899
1419,1585
1419,2646
3869,3670
3869,910
3869,2259
3869,2533
3869,3209
3869,3083
3869,1275
3869,1324
3869,2785
3869,1396
3869,2899
3869,1585
3869,2646
210,3670
210,910
210,2259
210,2533
210,3209
210,3083
210,1275
210,1324
210,2785
210,1396
210,2899
210,1585
210,2646
650,3670
650,910
650,2259
650,2533
650,3209
650,3083
650,1275
650,1324
650,2785
650,1396
650,2899
650,1585
650,2646
3013,3670
3013,910
3013,2259
3013,2533
3013,3209
3013,3083
3013,1275
3013,1324
3013,2785
3013,1396
3013,2899
3013,1585
3013,2646
1493,3670
1493,910
1493,2259
1493,2533
1493,3209
1493,3083
1493,1275
1493,1324
1493,2785
1493,1396
1493,2899
1493,1585
1493,2646
3295,1427
3295,93
3226,1427
3226,93
3506,1427
3506,93
250,1427
250,93
213,1427
213,93
408,1427
408,93
216,2934
216,225
1271,2934
1271,225
919,556
2188,556
218,556
220,11
1150,1026
221,1026
224,2293
225,602
229,2023
229,619
230,354
231,3036
234,554
238,1288
238,1058
568,1288
568,1058
3064,1288
3064,1058
681,2655
681,3286
681,3464
681,1820
681,2746
2254,2655
2254,3286
2254,3464
2254,1820
2254,2746
2849,2655
2849,3286
2849,3464
2849,1820
2849,2746
239,2655
239,3286
239,3464
239,1820
239,2746
671,1096
671,172
671,1688
671,390
671,2502
671,1175
671,3012
671,762
671,3366
671,993
3579,1096
3579,172
3579,1688
3579,390
3579,2502
3579,1175
3579,3012
3579,762
3579,3366
3579,993
2783,1096
2783,172
2783,1688
2783,390
2783,2502
2783,1175
2783,3012
2783,762
2783,3366
2783,993
243,1096
243,172
243,1688
243,390
243,2502
243,1175
243,3012
243,762
243,3366
243,993
1991,1096
1991,172
1991,1688
1991,390
1991,2502
1991,1175
1991,3012
1991,762
1991,3366
1991,993
1354,1096
1354,172
1354,1688
1354,390
1354,2502
1354,1175
1354,3012
1354,762
1354,3366
1354,993
2585,1096
2585,172
2585,1688
2585,390
2585,2502
2585,1175
2585,3012
2585,762
2585,3366
2585,993
244,2554
244,3402
1197,2554
1197,3402
847,2554
847,3402
246,323
246,152
246,1098
3704,323
3704,152
3704,1098
3508,923
3508,1063
3508,1960
3508,3087
3508,3304
3508,216
3508,2542
3508,1906
2478,923
2478,1063
2478,1960
2478,3087
2478,3304
2478,216
2478,2542
2478,1906
2756,923
2756,1063
2756,1960
2756,3087
2756,3304
2756,216
2756,2542
2756,1906
3124,923
3124,1063
3124,1960
3124,3087
3124,3304
3124,216
3124,2542
3124,1906
2700,923
2700,1063
2700,1960
2700,3087
2700,3304
2700,216
2700,2542
2700,1906
2475,923
2475,1063
2475,1960
2475,3087
2475,3304
2475,216
2475,2542
2475,1906
251,923
251,1063
251,1960
251,3087
251,3304
251,216
251,2542
251,1906
499,923
499,1063
499,1960
499,3087
499,3304
499,216
499,2542
499,1906
2514,923
2514,1063
2514,1960
2514,3087
2514,3304
2514,216
2514,2542
2514,1906
3193,923
3193,1063
3193,1960
3193,3087
3193,3304
3193,216
3193,2542
3193,1906
3259,923
3259,1063
3259,1960
3259,3087
3259,3304
3259,216
3259,2542
3259,1906
252,3432
252,1456
253,196
255,3481
256,2021
3521,2254
3521,1212
262,2254
262,1212
1650,2254
1650,1212
393,2254
393,1212
2235,357
263,357
1041,15
264,15
266,105
266,2906
266,91
1161,105
1161,2906
1161,91
2274,105
2274,2906
2274,91
267,1594
267,1201
267,582
267,2204
1534,1594
1534,1201
1534,582
1534,2204
1065,1594
1065,1201
1065,582
1065,2204
2264,1594
2264,1201
2264,582
2264,2204
1342,1594
1342,1201
1342,582
1342,2204
1310,1594
1310,1201
1310,582
1310,2204
2420,1850
2420,3687
2420,1522
2420,2999
2420,1444
269,1850
269,3687
269,1522
269,2999
269,1444
1284,1850
1284,3687
1284,1522
1284,2999
1284,1444
270,2275
271,823
275,1699
2846,1030
276,1030
874,245
277,245
280,3059
280,1246
280,2526
281,2448
3802,267
3802,2972
3802,1656
3802,1327
282,267
282,2972
282,1656
282,1327
1057,3640
283,3640
284,1678
285,795
286,1
286,66
288,448
290,655
1355,655
304,334
2763,773
2763,3205
2763,716
2763,1110
2763,2303
2763,578
2763,1894
2763,103
1241,773
1241,3205
1241,716
1241,1110
1241,2303
1241,578
1241,1894
1241,103
2059,773
2059,3205
2059,716
2059,1110
2059,2303
2059,578
2059,1894
2059,103
306,773
306,3205
306,716
306,1110
306,2303
306,578
306,1894
306,103
2081,773
2081,3205
2081,716
2081,1110
2081,2303
2081,578
2081,1894
2081,103
308,213
3212,2669
3212,2218
3212,1369
3212,501
3495,2669
3495,2218
3495,1369
3495,501
2931,2669
2931,2218
2931,1369
2931,501
3578,2669
3578,2218
3578,1369
3578,501
3142,2669
3142,2218
3142,1369
3142,501
1456,2669
1456,2218
1456,1369
1456,501
311,2669
311,2218
311,1369
311,501
1477,2669
1477,2218
1477,1369
1477,501
320,897
320,916
320,2674
320,2391
320,2955
1120,897
1120,916
1120,2674
1120,2391
1120,2955
325,155
326,472
327,2836
2312,2051
2312,2570
2312,1040
2312,3149
2312,2595
2312,2775
2312,3532
2312,1345
2312,884
2312,1831
2312,1650
2312,2155
2312,1391
2312,2879
2312,3572
2312,959
2312,2858
2312,394
2312,2964
2312,1464
2312,713
2312,1705
2312,3676
2312,2065
2312,1384
2312,3383
2312,545
2312,3035
2312,2442
2312,2215
2312,2170
1069,2051
1069,2570
1069,1040
1069,3149
1069,2595
1069,2775
1069,3532
1069,1345
1069,884
1069,1831
1069,1650
1069,2155
1069,1391
1069,2879
1069,3572
1069,959
1069,2858
1069,394
1069,2964
1069,1464
1069,713
1069,1705
1069,3676
1069,2065
1069,1384
1069,3383
1069,545
1069,3035
1069,2442
1069,2215
1069,2170
818,2051
818,2570
818,1040
818,3149
818,2595
818,2775
818,3532
818,1345
818,884
818,1831
818,1650
818,2155
818,1391
818,2879
818,3572
818,959
818,2858
818,394
818,2964
818,1464
818,713
818,1705
818,3676
818,2065
818,1384
818,3383
818,545
818,3035
818,2442
818,2215
818,2170
329,2051
329,2570
329,1040
329,3149
329,2595
329,2775
329,3532
329,1345
329,884
329,1831
329,1650
329,2155
329,1391
329,2879
329,3572
329,959
329,2858
329,394
329,2964
329,1464
329,713
329,1705
329,3676
329,2065
329,1384
329,3383
329,545
329,3035
329,2442
329,2215
329,2170
2669,2051
2669,2570
2669,1040
2669,3149
2669,2595
2669,2775
2669,3532
2669,1345
2669,884
2669,1831
2669,1650
2669,2155
2669,1391
2669,2879
2669,3572
2669,959
2669,2858
2669,394
2669,2964
2669,1464
2669,713
2669,1705
2669,3676
2669,2065
2669,1384
2669,3383
2669,545
2669,3035
2669,2442
2669,2215
2669,2170
3476,2051
3476,2570
3476,1040
3476,3149
3476,2595
3476,2775
3476,3532
3476,1345
3476,884
3476,1831
3476,1650
3476,2155
3476,1391
3476,2879
3476,3572
3476,959
3476,2858
3476,394
3476,2964
3476,1464
3476,713
3476,1705
3476,3676
3476,2065
3476,1384
3476,3383
3476,545
3476,3035
3476,2442
3476,2215
3476,2170
1282,2051
1282,2570
1282,1040
1282,3149
1282,2595
1282,2775
1282,3532
1282,1345
1282,884
1282,1831
1282,1650
1282,2155
1282,1391
1282,2879
1282,3572
1282,959
1282,2858
1282,394
1282,2964
1282,1464
1282,713
1282,1705
1282,3676
1282,2065
1282,1384
1282,3383
1282,545
1282,3035
1282,2442
1282,2215
1282,2170
1835,2051
1835,2570
1835,1040
1835,3149
1835,2595
1835,2775
1835,3532
1835,1345
1835,884
1835,1831
1835,1650
1835,2155
1835,1391
1835,2879
1835,3572
1835,959
1835,2858
1835,394
1835,2964
1835,1464
1835,713
1835,1705
1835,3676
1835,2065
1835,1384
1835,3383
1835,545
1835,3035
1835,2442
1835,2215
1835,2170
1973,2051
1973,2570
1973,1040
1973,3149
1973,2595
1973,2775
1973,3532
1973,1345
1973,884
1973,1831
1973,1650
1973,2155
1973,1391
1973,2879
1973,3572
1973,959
1973,2858
1973,394
1973,2964
1973,1464
1973,713
1973,1705
1973,3676
1973,2065
1973,1384
1973,3383
1973,545
1973,3035
1973,2442
1973,2215
1973,2170
3222,2051
3222,2570
3222,1040
3222,3149
3222,2595
3222,2775
3222,3532
3222,1345
3222,884
3222,1831
3222,1650
3222,2155
3222,1391
3222,2879
3222,3572
3222,959
3222,2858
3222,394
3222,2964
3222,1464
3222,713
3222,1705
3222,3676
3222,2065
3222,1384
3222,3383
3222,545
3222,3035
3222,2442
3222,2215
3222,2170
2728,2051
2728,2570
2728,1040
2728,3149
2728,2595
2728,2775
2728,3532
2728,1345
2728,884
2728,1831
2728,1650
2728,2155
2728,1391
2728,2879
2728,3572
2728,959
2728,2858
2728,394
2728,2964
2728,1464
2728,713
2728,1705
2728,3676
2728,2065
2728,1384
2728,3383
2728,545
2728,3035
2728,2442
2728,2215
2728,2170
2141,2051
2141,2570
2141,1040
2141,3149
2141,2595
2141,2775
2141,3532
2141,1345
2141,884
2141,1831
2141,1650
2141,2155
2141,1391
2141,2879
2141,3572
2141,959
2141,2858
2141,394
2141,2964
2141,1464
2141,713
2141,1705
2141,3676
2141,2065
2141,1384
2141,3383
2141,545
2141,3035
2141,2442
2141,2215
2141,2170
1070,2051
1070,2570
1070,1040
1070,3149
1070,2595
1070,2775
1070,3532
1070,1345
1070,884
1070,1831
1070,1650
1070,2155
1070,1391
1070,2879
1070,3572
1070,959
1070,2858
1070,394
1070,2964
1070,1464
1070,713
1070,1705
1070,3676
1070,2065
1070,1384
1070,3383
1070,545
1070,3035
1070,2442
1070,2215
1070,2170
1447,2051
1447,2570
1447,1040
1447,3149
1447,2595
1447,2775
1447,3532
1447,1345
1447,884
1447,1831
1447,1650
1447,2155
1447,1391
1447,2879
1447,3572
1447,959
1447,2858
1447,394
1447,2964
1447,1464
1447,713
1447,1705
1447,3676
1447,2065
1447,1384
1447,3383
1447,545
1447,3035
1447,2442
1447,2215
1447,2170
330,121
330,316
1941,121
1941,316
1610,3499
332,3499
335,487
3791,2124
3791,1024
3791,1313
3791,1856
346,2124
346,1024
346,1313
346,1856
933,2124
933,1024
933,1313
933,1856
1527,2124
1527,1024
1527,1313
1527,1856
2964,2124
2964,1024
2964,1313
2964,1856
1412,2124
1412,1024
1412,1313
1412,1856
1015,2124
1015,1024
1015,1313
1015,1856
337,2124
337,1024
337,1313
337,1856
1931,2124
1931,1024
1931,1313
1931,1856
3025,2124
3025,1024
3025,1313
3025,1856
341,631
348,1933
2856,1438
2856,493
349,1438
349,493
3023,3649
2008,3649
350,3649
2116,3649
990,3649
352,288
356,645
1681,645
359,73
361,2897
361,1952
363,2072
363,1511
363,3039
363,3061
366,754
368,3262
368,3121
369,2032
2658,2032
2627,2032
370,20
3851,2114
3851,2518
3851,1591
3851,1326
3851,2967
3851,2332
3460,2114
3460,2518
3460,1591
3460,1326
3460,2967
3460,2332
377,2114
377,2518
377,1591
377,1326
377,2967
377,2332
1439,2114
1439,2518
1439,1591
1439,1326
1439,2967
1439,2332
379,947
2332,947
385,750
385,193
387,1325
1086,867
1993,867
388,867
3185,867
3254,867
394,1991
394,2236
2304,1463
2304,2104
2304,3115
2304,2404
2304,2191
2304,2609
2304,90
2304,1204
2304,1562
2304,1958
2304,1752
2304,2213
2304,1242
2304,3385
2304,3153
2676,1463
2676,2104
2676,3115
2676,2404
2676,2191
2676,2609
2676,90
2676,1204
2676,1562
2676,1958
2676,1752
2676,2213
2676,1242
2676,3385
2676,3153
2167,1463
2167,2104
2167,3115
2167,2404
2167,2191
2167,2609
2167,90
2167,1204
2167,1562
2167,1958
2167,1752
2167,2213
2167,1242
2167,3385
2167,3153
819,1463
819,2104
819,3115
819,2404
819,2191
819,2609
819,90
819,1204
819,1562
819,1958
819,1752
819,2213
819,1242
819,3385
819,3153
396,1463
396,2104
396,3115
396,2404
396,2191
396,2609
396,90
396,1204
396,1562
396,1958
396,1752
396,2213
396,1242
396,3385
396,3153
929,1463
929,2104
929,3115
929,2404
929,2191
929,2609
929,90
929,1204
929,1562
929,1958
929,1752
929,2213
929,1242
929,3385
929,3153
3066,1463
3066,2104
3066,3115
3066,2404
3066,2191
3066,2609
3066,90
3066,1204
3066,1562
3066,1958
3066,1752
3066,2213
3066,1242
3066,3385
3066,3153
398,3161
399,505
401,165
406,2402
406,895
898,2402
898,895
407,314
407,777
409,927
409,860
410,2300
410,217
411,588
427,2428
429,8
1775,2050
430,2050
1798,2050
3685,509
3685,1044
3685,2857
752,509
752,1044
752,2857
431,509
431,1044
431,2857
1225,738
434,738
435,601
436,278
2757,3376
2757,519
2757,2809
2757,1804
443,3376
443,519
443,2809
443,1804
3396,3376
3396,519
3396,2809
3396,1804
1340,3376
1340,519
1340,2809
1340,1804
1942,3404
1942,1681
1942,1626
1942,1210
3687,3404
3687,1681
3687,1626
3687,1210
2615,3404
2615,1681
2615,1626
2615,1210
444,3404
444,1681
444,1626
444,1210
449,2908
449,2160
453,1457
2935,1457
3520,982
454,982
846,2176
846,1053
456,2176
456,1053
3377,2176
3377,1053
1659,2176
1659,1053
458,3637
472,3637
462,744
2168,2981
2168,2283
463,2981
463,2283
2519,2981
2519,2283
2704,2981
2704,2283
467,2180
468,2832
2286,2832
542,2832
479,568
3739,568
1794,2789
1794,2318
1794,1302
1794,2285
1794,3310
1794,1262
1794,3448
1794,1497
1794,1196
1794,2196
1794,2186
1794,2499
1794,1703
1794,1976
1794,2720
1794,1555
1794,1176
1794,2946
480,2789
480,2318
480,1302
480,2285
480,3310
480,1262
480,3448
480,1497
480,1196
480,2196
480,2186
480,2499
480,1703
480,1976
480,2720
480,1555
480,1176
480,2946
1858,2789
1858,2318
1858,1302
1858,2285
1858,3310
1858,1262
1858,3448
1858,1497
1858,1196
1858,2196
1858,2186
1858,2499
1858,1703
1858,1976
1858,2720
1858,1555
1858,1176
1858,2946
3575,2789
3575,2318
3575,1302
3575,2285
3575,3310
3575,1262
3575,3448
3575,1497
3575,1196
3575,2196
3575,2186
3575,2499
3575,1703
3575,1976
3575,2720
3575,1555
3575,1176
3575,2946
2623,2789
2623,2318
2623,1302
2623,2285
2623,3310
2623,1262
2623,3448
2623,1497
2623,1196
2623,2196
2623,2186
2623,2499
2623,1703
2623,1976
2623,2720
2623,1555
2623,1176
2623,2946
3238,2789
3238,2318
3238,1302
3238,2285
3238,3310
3238,1262
3238,3448
3238,1497
3238,1196
3238,2196
3238,2186
3238,2499
3238,1703
3238,1976
3238,2720
3238,1555
3238,1176
3238,2946
3169,2789
3169,2318
3169,1302
3169,2285
3169,3310
3169,1262
3169,3448
3169,1497
3169,1196
3169,2196
3169,2186
3169,2499
3169,1703
3169,1976
3169,2720
3169,1555
3169,1176
3169,2946
2122,2789
2122,2318
2122,1302
2122,2285
2122,3310
2122,1262
2122,3448
2122,1497
2122,1196
2122,2196
2122,2186
2122,2499
2122,1703
2122,1976
2122,2720
2122,1555
2122,1176
2122,2946
1772,2789
1772,2318
1772,1302
1772,2285
1772,3310
1772,1262
1772,3448
1772,1497
1772,1196
1772,2196
1772,2186
1772,2499
1772,1703
1772,1976
1772,2720
1772,1555
1772,1176
1772,2946
3227,2789
3227,2318
3227,1302
3227,2285
3227,3310
3227,1262
3227,3448
3227,1497
3227,1196
3227,2196
3227,2186
3227,2499
3227,1703
3227,1976
3227,2720
3227,1555
3227,1176
3227,2946
3296,2789
3296,2318
3296,1302
3296,2285
3296,3310
3296,1262
3296,3448
3296,1497
3296,1196
3296,2196
3296,2186
3296,2499
3296,1703
3296,1976
3296,2720
3296,1555
3296,1176
3296,2946
2654,2789
2654,2318
2654,1302
2654,2285
2654,3310
2654,1262
2654,3448
2654,1497
2654,1196
2654,2196
2654,2186
2654,2499
2654,1703
2654,1976
2654,2720
2654,1555
2654,1176
2654,2946
2014,2789
2014,2318
2014,1302
2014,2285
2014,3310
2014,1262
2014,3448
2014,1497
2014,1196
2014,2196
2014,2186
2014,2499
2014,1703
2014,1976
2014,2720
2014,1555
2014,1176
2014,2946
481,340
482,1451
3635,2660
483,2660
1976,372
1976,3220
485,372
485,3220
488,774
490,2539
490,430
505,671
2541,671
2571,671
506,167
512,1048
512,1760
3014,1048
3014,1760
3803,1048
3803,1760
529,3081
514,3081
518,1460
533,1460
519,2528
528,2528
521,7
521,1046
522,3342
530,3342
524,1090
534,1090
526,541
536,541
539,188
540,1081
541,1565
2990,1565
543,2593
543,1762
544,1435
544,1085
1111,1435
1111,1085
1670,1435
1670,1085
3939,1435
3939,1085
547,574
545,574
2766,3463
2766,1303
2766,2089
2766,811
2766,819
2766,339
548,3463
548,1303
548,2089
548,811
548,819
548,339
546,3463
546,1303
546,2089
546,811
546,819
546,339
2777,3463
2777,1303
2777,2089
2777,811
2777,819
2777,339
549,2635
554,70
565,277
561,277
3831,277
566,666
566,2535
562,666
562,2535
570,717
863,3537
1669,3537
2973,3537
1148,3537
2957,3537
1522,3537
662,3537
575,3537
577,3470
581,199
582,3259
2563,3259
2532,3259
584,1690
584,1568
584,2100
1410,3535
1410,2116
586,3535
586,2116
592,486
594,3447
2429,1005
595,1005
596,2279
3888,180
598,180
611,201
616,3357
619,1706
619,988
619,1284
619,3088
621,2222
623,801
717,841
717,3260
717,2641
717,2253
717,428
2043,841
2043,3260
2043,2641
2043,2253
2043,428
625,841
625,3260
625,2641
625,2253
625,428
2697,841
2697,3260
2697,2641
2697,2253
2697,428
2511,841
2511,3260
2511,2641
2511,2253
2511,428
2494,841
2494,3260
2494,2641
2494,2253
2494,428
630,1557
632,252
2371,252
2164,2112
2164,1418
2164,3588
2164,3561
2164,2612
2164,700
2164,186
2164,3626
2115,2112
2115,1418
2115,3588
2115,3561
2115,2612
2115,700
2115,186
2115,3626
635,2112
635,1418
635,3588
635,3561
635,2612
635,700
635,186
635,3626
2007,2112
2007,1418
2007,3588
2007,3561
2007,2612
2007,700
2007,186
2007,3626
3746,2112
3746,1418
3746,3588
3746,3561
3746,2612
3746,700
3746,186
3746,3626
636,625
638,978
640,1551
643,1759
643,2189
644,1407
644,3187
644,2610
644,2774
644,2033
644,3569
644,2714
644,1817
3479,1407
3479,3187
3479,2610
3479,2774
3479,2033
3479,3569
3479,2714
3479,1817
2410,1407
2410,3187
2410,2610
2410,2774
2410,2033
2410,3569
2410,2714
2410,1817
1152,1407
1152,3187
1152,2610
1152,2774
1152,2033
1152,3569
1152,2714
1152,1817
1222,1407
1222,3187
1222,2610
1222,2774
1222,2033
1222,3569
1222,2714
1222,1817
2402,1407
2402,3187
2402,2610
2402,2774
2402,2033
2402,3569
2402,2714
2402,1817
2865,1407
2865,3187
2865,2610
2865,2774
2865,2033
2865,3569
2865,2714
2865,1817
3629,1407
3629,3187
3629,2610
3629,2774
3629,2033
3629,3569
3629,2714
3629,1817
2260,1407
2260,3187
2260,2610
2260,2774
2260,2033
2260,3569
2260,2714
2260,1817
2355,1407
2355,3187
2355,2610
2355,2774
2355,2033
2355,3569
2355,2714
2355,1817
3634,1407
3634,3187
3634,2610
3634,2774
3634,2033
3634,3569
3634,2714
3634,1817
3469,1407
3469,3187
3469,2610
3469,2774
3469,2033
3469,3569
3469,2714
3469,1817
648,395
3611,395
3440,395
651,600
651,3104
651,3150
1910,600
1910,3104
1910,3150
937,600
937,3104
937,3150
657,857
3841,857
659,92
661,78
1400,78
664,776
668,131
668,182
3582,131
3582,182
678,400
2211,400
682,400
680,644
689,295
691,2974
693,3004
698,414
699,1806
699,1422
699,2985
699,3577
700,1698
700,3630
701,618
702,2177
703,242
704,2700
2881,2700
2156,2700
3960,2700
2258,2700
705,570
708,337
712,2824
712,1955
1113,2824
1113,1955
1938,2824
1938,1955
713,581
724,1127
3381,765
3381,407
3381,2421
3381,1269
3899,765
3899,407
3899,2421
3899,1269
732,765
732,407
732,2421
732,1269
735,3628
735,455
735,286
1386,797
1386,498
1386,3191
1386,917
1386,119
1386,658
2840,797
2840,498
2840,3191
2840,917
2840,119
2840,658
1635,797
1635,498
1635,3191
1635,917
1635,119
1635,658
736,797
736,498
736,3191
736,917
736,119
736,658
745,437
749,567
749,1977
750,2098
753,109
3031,45
3031,3379
756,45
756,3379
1683,45
1683,3379
757,77
761,1487
2198,1067
2198,108
768,1067
768,108
1343,1067
1343,108
774,474
2395,474
775,3145
2406,2500
776,2500
2418,2500
778,1114
779,139
3934,364
781,364
784,2375
786,1450
790,1513
2815,1513
806,610
807,1434
807,2931
807,3256
807,89
2759,3236
2759,1761
2759,3513
1965,3236
1965,1761
1965,3513
809,3236
809,1761
809,3513
2430,3236
2430,1761
2430,3513
811,759
811,1780
811,1676
812,576
821,674
1974,674
823,240
824,2608
1276,1895
1276,3636
826,1895
826,3636
827,708
834,3458
838,705
839,869
840,3612
840,3377
842,403
844,507
2020,719
2020,1001
2020,3132
2020,889
845,719
845,1001
845,3132
845,889
1555,719
1555,1001
1555,3132
1555,889
2128,719
2128,1001
2128,3132
2128,889
1195,719
1195,1001
1195,3132
1195,889
849,2295
849,1132
849,670
849,2970
849,3491
849,2137
849,2178
849,218
849,2313
849,1614
849,3162
849,2424
849,1477
849,2815
849,2388
849,3276
849,1717
849,1100
849,36
849,3306
849,591
849,835
1458,2295
1458,1132
1458,670
1458,2970
1458,3491
1458,2137
1458,2178
1458,218
1458,2313
1458,1614
1458,3162
1458,2424
1458,1477
1458,2815
1458,2388
1458,3276
1458,1717
1458,1100
1458,36
1458,3306
1458,591
1458,835
3674,2295
3674,1132
3674,670
3674,2970
3674,3491
3674,2137
3674,2178
3674,218
3674,2313
3674,1614
3674,3162
3674,2424
3674,1477
3674,2815
3674,2388
3674,3276
3674,1717
3674,1100
3674,36
3674,3306
3674,591
3674,835
2295,2295
2295,1132
2295,670
2295,2970
2295,3491
2295,2137
2295,2178
2295,218
2295,2313
2295,1614
2295,3162
2295,2424
2295,1477
2295,2815
2295,2388
2295,3276
2295,1717
2295,1100
2295,36
2295,3306
2295,591
2295,835
1479,2295
1479,1132
1479,670
1479,2970
1479,3491
1479,2137
1479,2178
1479,218
1479,2313
1479,1614
1479,3162
1479,2424
1479,1477
1479,2815
1479,2388
1479,3276
1479,1717
1479,1100
1479,36
1479,3306
1479,591
1479,835
3844,2295
3844,1132
3844,670
3844,2970
3844,3491
3844,2137
3844,2178
3844,218
3844,2313
3844,1614
3844,3162
3844,2424
3844,1477
3844,2815
3844,2388
3844,3276
3844,1717
3844,1100
3844,36
3844,3306
3844,591
3844,835
3670,2295
3670,1132
3670,670
3670,2970
3670,3491
3670,2137
3670,2178
3670,218
3670,2313
3670,1614
3670,3162
3670,2424
3670,1477
3670,2815
3670,2388
3670,3276
3670,1717
3670,1100
3670,36
3670,3306
3670,591
3670,835
1783,2295
1783,1132
1783,670
1783,2970
1783,3491
1783,2137
1783,2178
1783,218
1783,2313
1783,1614
1783,3162
1783,2424
1783,1477
1783,2815
1783,2388
1783,3276
1783,1717
1783,1100
1783,36
1783,3306
1783,591
1783,835
2730,2295
2730,1132
2730,670
2730,2970
2730,3491
2730,2137
2730,2178
2730,218
2730,2313
2730,1614
2730,3162
2730,2424
2730,1477
2730,2815
2730,2388
2730,3276
2730,1717
2730,1100
2730,36
2730,3306
2730,591
2730,835
1689,2295
1689,1132
1689,670
1689,2970
1689,3491
1689,2137
1689,2178
1689,218
1689,2313
1689,1614
1689,3162
1689,2424
1689,1477
1689,2815
1689,2388
1689,3276
1689,1717
1689,1100
1689,36
1689,3306
1689,591
1689,835
853,147
856,71
865,3407
865,1926
865,3441
880,1481
883,2359
3457,1149
1639,1149
892,1149
1444,1149
894,3429
894,1740
894,2422
895,593
900,417
903,2067
904,595
905,3614
905,2909
905,2022
905,1819
1099,3614
1099,2909
1099,2022
1099,1819
2016,2638
2016,375
2016,481
2016,948
2016,3064
2016,3360
2016,995
2016,1003
2016,2080
2016,384
2124,2638
2124,375
2124,481
2124,948
2124,3064
2124,3360
2124,995
2124,1003
2124,2080
2124,384
3374,2638
3374,375
3374,481
3374,948
3374,3064
3374,3360
3374,995
3374,1003
3374,2080
3374,384
1378,2638
1378,375
1378,481
1378,948
1378,3064
1378,3360
1378,995
1378,1003
1378,2080
1378,384
1359,2638
1359,375
1359,481
1359,948
1359,3064
1359,3360
1359,995
1359,1003
1359,2080
1359,384
3848,2638
3848,375
3848,481
3848,948
3848,3064
3848,3360
3848,995
3848,1003
3848,2080
3848,384
3573,2638
3573,375
3573,481
3573,948
3573,3064
3573,3360
3573,995
3573,1003
3573,2080
3573,384
906,2638
906,375
906,481
906,948
906,3064
906,3360
906,995
906,1003
906,2080
906,384
1050,2638
1050,375
1050,481
1050,948
1050,3064
1050,3360
1050,995
1050,1003
1050,2080
1050,384
1934,2638
1934,375
1934,481
1934,948
1934,3064
1934,3360
1934,995
1934,1003
1934,2080
1934,384
1003,2638
1003,375
1003,481
1003,948
1003,3064
1003,3360
1003,995
1003,1003
1003,2080
1003,384
911,943
911,10
915,101
2100,101
2215,815
916,815
2114,1576
2114,961
2114,2158
921,1576
921,961
921,2158
2006,1576
2006,961
2006,2158
983,1576
983,961
983,2158
922,685
924,3627
928,870
936,636
936,660
941,461
2068,2348
942,2348
2046,2348
3265,2348
3836,2348
953,2348
949,1022
952,2563
952,321
955,633
957,2886
3562,2886
3395,1506
3395,2901
3395,1997
3395,3288
3395,1561
3395,2057
961,1506
961,2901
961,1997
961,3288
961,1561
961,2057
1676,1506
1676,2901
1676,1997
1676,3288
1676,1561
1676,2057
3084,1506
3084,2901
3084,1997
3084,3288
3084,1561
3084,2057
2522,1506
2522,2901
2522,1997
2522,3288
2522,1561
2522,2057
966,142
973,2871
1165,2871
978,2900
980,2721
1224,1178
1224,3616
1224,296
1224,3271
982,1178
982,3616
982,296
982,3271
3433,1178
3433,3616
3433,296
3433,3271
994,2296
994,1479
996,2564
998,3549
999,171
1000,1245
1004,577
1006,3625
1008,1686
1008,2042
1008,2729
1008,2776
1008,1989
1008,1886
1008,2995
3962,1686
3962,2042
3962,2729
3962,2776
3962,1989
3962,1886
3962,2995
1009,2354
1009,1825
1009,3455
3770,1234
3770,1569
3770,967
3770,2923
1010,1234
1010,1569
1010,967
1010,2923
1011,1514
1011,2405
1013,1087
1013,518
1013,1836
1013,157
1013,2417
1262,1087
1262,518
1262,1836
1262,157
1262,2417
3621,1087
3621,518
3621,1836
3621,157
3621,2417
2483,1087
2483,518
2483,1836
2483,157
2483,2417
2096,1087
2096,518
2096,1836
2096,157
2096,2417
1473,1087
1473,518
1473,1836
1473,157
1473,2417
2194,1087
2194,518
2194,1836
2194,157
2194,2417
3857,1087
3857,518
3857,1836
3857,157
3857,2417
2486,1087
2486,518
2486,1836
2486,157
2486,2417
2970,1361
2970,420
1947,1361
1947,420
1496,1361
1496,420
1014,1361
1014,420
1060,1361
1060,420
1016,2420
1018,3336
2375,3336
1021,254
1021,3497
1024,1929
1024,2071
1024,2523
1024,936
1031,317
1136,317
2624,3017
2624,3201
2624,2670
2624,3475
2624,2925
2624,2630
2655,3017
2655,3201
2655,2670
2655,3475
2655,2925
2655,2630
1032,3017
1032,3201
1032,2670
1032,3475
1032,2925
1032,2630
1033,1538
1035,800
1036,2326
1037,2748
1039,124
2672,124
1040,3384
1836,592
1836,2769
1043,592
1043,2769
1047,985
1047,162
1066,1336
1066,397
1049,1336
1049,397
2317,2794
1053,2794
1055,1009
1055,1860
1567,307
1056,307
1058,2041
1058,1368
1071,2466
1071,3123
1071,1767
1651,2466
1651,3123
1651,1767
1072,3686
1079,1185
1089,1979
1089,2144
1097,3133
1098,208
1434,2338
1102,2338
1105,878
3342,878
1107,1084
1108,603
1108,1077
1109,27
1118,1318
1118,3646
1118,1545
1119,2980
1119,3320
1119,2907
1119,1672
1425,701
1425,347
1425,712
1425,564
1425,451
1123,701
1123,347
1123,712
1123,564
1123,451
3245,701
3245,347
3245,712
3245,564
3245,451
1430,701
1430,347
1430,712
1430,564
1430,451
2733,701
2733,347
2733,712
2733,564
2733,451
3175,701
3175,347
3175,712
3175,564
3175,451
2659,701
2659,347
2659,712
2659,564
2659,451
3104,701
3104,347
3104,712
3104,564
3104,451
3442,1013
2693,1013
2508,1013
1126,1013
1127,3108
3467,3108
1135,2903
1137,2030
1141,732
1924,732
1142,166
3588,470
3588,742
3588,1390
3223,470
3223,742
3223,1390
3823,470
3823,742
3823,1390
3292,470
3292,742
3292,1390
3571,470
3571,742
3571,1390
1151,470
1151,742
1151,1390
1154,3460
1154,1829
3919,2452
1160,2452
1162,1131
1163,3344
1164,129
1170,302
1170,1528
1180,3037
1187,287
1198,421
2333,2915
1199,2915
1205,1101
1208,2242
2518,312
1209,312
3471,312
1210,956
1210,3117
1212,918
1214,153
1219,401
1220,1750
1223,3196
3615,958
3615,2752
3615,3575
3615,2217
3615,2336
3615,3297
3615,2969
3615,234
3615,1078
3615,2529
3615,228
3615,14
3615,1791
3615,265
3615,1104
3615,2715
3615,571
3615,326
3615,2662
3615,1123
3615,1500
3615,3449
3615,2276
3615,2904
3615,2192
3615,1877
3615,2831
3615,710
3391,958
3391,2752
3391,3575
3391,2217
3391,2336
3391,3297
3391,2969
3391,234
3391,1078
3391,2529
3391,228
3391,14
3391,1791
3391,265
3391,1104
3391,2715
3391,571
3391,326
3391,2662
3391,1123
3391,1500
3391,3449
3391,2276
3391,2904
3391,2192
3391,1877
3391,2831
3391,710
3738,958
3738,2752
3738,3575
3738,2217
3738,2336
3738,3297
3738,2969
3738,234
3738,1078
3738,2529
3738,228
3738,14
3738,1791
3738,265
3738,1104
3738,2715
3738,571
3738,326
3738,2662
3738,1123
3738,1500
3738,3449
3738,2276
3738,2904
3738,2192
3738,1877
3738,2831
3738,710
2982,958
2982,2752
2982,3575
2982,2217
2982,2336
2982,3297
2982,2969
2982,234
2982,1078
2982,2529
2982,228
2982,14
2982,1791
2982,265
2982,1104
2982,2715
2982,571
2982,326
2982,2662
2982,1123
2982,1500
2982,3449
2982,2276
2982,2904
2982,2192
2982,1877
2982,2831
2982,710
1226,958
1226,2752
1226,3575
1226,2217
1226,2336
1226,3297
1226,2969
1226,234
1226,1078
1226,2529
1226,228
1226,14
1226,1791
1226,265
1226,1104
1226,2715
1226,571
1226,326
1226,2662
1226,1123
1226,1500
1226,3449
1226,2276
1226,2904
1226,2192
1226,1877
1226,2831
1226,710
1230,1660
1230,3092
1232,939
1233,2190
1233,111
3558,2190
3558,111
2276,2190
2276,111
3156,2190
3156,111
1235,626
1235,352
3907,626
3907,352
1236,3380
1236,3694
1236,2559
1236,3394
1236,2614
1236,2640
1237,1627
1237,1861
1237,2273
1237,1015
1237,318
1239,3199
1240,2185
1240,1088
1242,1119
1244,477
1246,2973
1255,2973
3801,1937
3801,3148
1247,1937
1247,3148
1256,1937
1256,3148
3757,1937
3757,3148
1501,1723
1501,1270
1501,1824
1501,385
1501,2993
1501,1006
1501,355
2426,1723
2426,1270
2426,1824
2426,385
2426,2993
2426,1006
2426,355
1248,1723
1248,1270
1248,1824
1248,385
1248,2993
1248,1006
1248,355
1257,1723
1257,1270
1257,1824
1257,385
1257,2993
1257,1006
1257,355
2346,1723
2346,1270
2346,1824
2346,385
2346,2993
2346,1006
2346,355
1253,3522
1261,3522
1800,2440
1800,1741
1800,2571
1800,1812
1778,2440
1778,1741
1778,2571
1778,1812
1270,2440
1270,1741
1270,2571
1270,1812
3894,2440
3894,1741
3894,2571
3894,1812
1272,3127
1273,1949
1273,2572
1746,1949
1746,2572
1274,224
1279,1197
1285,141
1294,1260
1813,2228
1305,2228
1307,1751
1307,367
1308,3450
1315,3184
1315,467
1315,1544
1315,2382
1315,1304
1315,727
3644,3184
3644,467
3644,1544
3644,2382
3644,1304
3644,727
1317,269
1318,2958
1321,2269
1325,892
2456,892
1326,249
1327,3018
1327,443
1327,1060
1329,378
1330,3314
1331,350
1338,2734
2396,2734
1345,2079
1357,1148
1357,1153
2004,1148
2004,1153
1358,901
1362,2600
1364,926
1371,533
1373,136
3928,2762
3928,865
1546,2762
1546,865
1374,2762
1374,865
1375,968
2368,675
2368,1452
2368,3283
1815,675
1815,1452
1815,3283
3362,675
3362,1452
3362,3283
1377,675
1377,1452
1377,3283
3614,675
3614,1452
3614,3283
1387,2467
1387,2929
1387,3525
1387,2601
1387,1505
1387,1587
1387,2105
1387,247
1387,2363
1387,1281
1387,2681
1387,3650
1387,223
1387,2309
1387,1386
1387,1374
1387,2214
1387,3290
1949,2467
1949,2929
1949,3525
1949,2601
1949,1505
1949,1587
1949,2105
1949,247
1949,2363
1949,1281
1949,2681
1949,3650
1949,223
1949,2309
1949,1386
1949,1374
1949,2214
1949,3290
1388,805
1393,2011
1393,3134
1393,1218
1396,137
1396,543
1396,343
1396,559
1396,790
1396,113
1398,1253
1404,1266
1404,3559
1404,935
2899,1266
2899,3559
2899,935
1407,1116
1413,1099
1414,3397
1437,2387
2289,2387
1441,3089
1441,2876
1442,735
3953,735
1478,2325
1457,2325
1461,495
1463,2874
1463,1842
3261,2874
3261,1842
1470,1473
1470,3599
1470,1871
1483,528
1492,3507
1494,244
1494,2088
1498,423
1505,285
1512,2574
1847,1118
3332,1118
2864,1118
1649,1118
1520,1118
3340,2519
3340,1872
3340,438
3340,697
1524,2519
1524,1872
1524,438
1524,697
3753,2519
3753,1872
3753,438
3753,697
1525,426
1528,1458
1530,3086
1537,629
1538,305
1541,757
1543,1209
1544,2546
1547,646
3804,646
1553,2680
1554,2628
1561,987
1562,3065
1564,2076
1582,209
1593,308
1593,444
1597,1853
1603,1362
2041,1362
2446,1496
2446,361
2446,3682
1604,1496
1604,361
1604,3682
3613,1496
3613,361
3613,3682
2754,1496
2754,361
2754,3682
1959,2429
1959,720
1959,1902
1959,1980
1959,1478
1959,2888
1959,2781
1959,3478
1959,548
1959,3223
1959,1299
1959,2926
1959,1758
1959,3257
1959,1393
1959,1925
1959,2008
1612,2429
1612,720
1612,1902
1612,1980
1612,1478
1612,2888
1612,2781
1612,3478
1612,548
1612,3223
1612,1299
1612,2926
1612,1758
1612,3257
1612,1393
1612,1925
1612,2008
3001,2429
3001,720
3001,1902
3001,1980
3001,1478
3001,2888
3001,2781
3001,3478
3001,548
3001,3223
3001,1299
3001,2926
3001,1758
3001,3257
3001,1393
3001,1925
3001,2008
1983,2429
1983,720
1983,1902
1983,1980
1983,1478
1983,2888
1983,2781
1983,3478
1983,548
1983,3223
1983,1299
1983,2926
1983,1758
1983,3257
1983,1393
1983,1925
1983,2008
1615,325
1617,1531
1619,239
1640,2820
1640,3163
1641,979
1646,3635
1646,2087
1646,1768
1646,2323
1648,23
1656,1207
1786,1207
1657,1168
1667,828
1668,1619
1668,3413
1673,785
1673,992
3855,785
3855,992
1675,1355
1678,1470
2157,635
2157,859
2157,1573
1684,635
1684,859
1684,1573
1692,392
1702,460
1703,536
1709,862
1720,862
1722,2097
1722,990
1722,1250
1722,2859
1711,2097
1711,990
1711,1250
1711,2859
1725,922
1730,2757
2965,476
1731,476
1736,29
1739,1776
1756,2709
1758,751
1760,962
1763,2664
1763,1344
1764,440
1770,3003
1770,1983
1770,1193
1770,2602
1795,1530
1777,1530
2774,3076
2774,1782
2774,3168
2774,2477
2338,3076
2338,1782
2338,3168
2338,2477
1935,3076
1935,1782
1935,3168
1935,2477
1785,3076
1785,1782
1785,3168
1785,2477
1787,2773
1787,1683
1788,1249
1788,3359
1792,1912
1802,821
1804,1017
2165,1017
1807,3539
1810,3688
3536,683
1812,683
3039,299
3039,3526
1814,299
1814,3526
1818,257
2797,257
1828,257
1820,2333
2521,1258
2521,311
2521,3053
3094,1258
3094,311
3094,3053
2417,1258
2417,311
2417,3053
1823,1258
1823,311
1823,3053
2572,1258
2572,311
2572,3053
3163,1258
3163,311
3163,3053
2542,1258
2542,311
2542,3053
1824,590
1826,847
1825,847
1841,2357
1849,3492
1849,2240
1850,2352
2003,996
2003,2840
2003,2049
3504,996
3504,2840
3504,2049
1853,996
1853,2840
1853,2049
1854,807
2933,303
1870,303
1872,872
1874,2436
1874,2372
1874,2991
1874,329
1876,893
3549,236
3549,804
1877,236
1877,804
2540,236
2540,804
1879,95
1884,812
1915,3109
1913,3109
1917,783
1918,1640
1918,2347
1918,2622
1918,2784
1923,1225
1928,351
1933,2075
1936,542
1939,3414
1943,2376
1943,1738
1945,187
3895,2914
3895,1771
3895,2014
1950,2914
1950,1771
1950,2014
2772,2975
2772,2209
2772,2745
2772,3634
2054,2975
2054,2209
2054,2745
2054,3634
2076,2975
2076,2209
2076,2745
2076,3634
1957,2975
1957,2209
1957,2745
1957,3634
1964,1443
1964,2219
1964,49
2635,1443
2635,2219
2635,49
2715,1443
2715,2219
2715,49
2529,3181
1967,3181
1969,2637
1972,2747
1972,1811
1972,2547
1975,829
2640,829
2720,829
2778,3594
2778,2531
2778,1158
2778,2349
1977,3594
1977,2531
1977,1158
1977,2349
1986,1914
1986,2940
1986,3412
1986,2758
2405,1914
2405,2940
2405,3412
2405,2758
3514,41
1990,41
1992,1932
1997,1654
2686,1881
2686,1311
2686,1143
2117,1881
2117,1311
2117,1143
2009,1881
2009,1311
2009,1143
3373,1881
3373,1311
3373,1143
2123,1056
2015,1056
3817,1056
3141,3176
3141,1333
3141,614
3141,3154
3141,989
3141,2406
3141,3208
2019,3176
2019,1333
2019,614
2019,3154
2019,989
2019,2406
2019,3208
2127,3176
2127,1333
2127,614
2127,3154
2127,989
2127,2406
2127,3208
3210,3176
3210,1333
3210,614
3210,3154
3210,989
3210,2406
3210,3208
2021,1892
2129,1892
2022,3624
3715,3624
2036,1821
2073,3469
2051,3469
2055,1109
2066,3069
2066,527
3137,3069
3137,527
3206,3069
3206,527
2077,510
2097,3111
3443,820
2104,820
2110,159
2136,2604
2139,2036
2143,2198
2143,894
3681,204
2647,204
2159,204
2160,32
2161,1616
2162,1286
2166,723
2166,1773
2166,3354
2166,3173
2170,148
2834,3319
2173,3319
2195,817
3897,3078
2202,3078
2586,972
2586,1484
2203,972
2203,1484
2209,319
3324,319
2210,1769
2210,370
2210,2642
2210,2987
2210,2127
2210,2474
2210,179
2218,3054
2226,1093
2231,1816
2231,408
2231,2381
2232,3461
2232,3279
2443,1062
2238,1062
2243,3348
2244,3072
2246,1633
2246,2265
2250,534
2251,781
2252,2551
2252,579
2255,809
2257,3278
2271,3156
2273,189
3310,3118
3310,2060
3310,2355
2275,3118
2275,2060
2275,2355
2278,2389
2278,1628
2278,1996
2281,2255
2284,445
2293,1230
3098,546
2294,546
3121,1704
3121,281
3121,3538
3121,3551
3121,2225
3191,1704
3191,281
3191,3538
3191,3551
3191,2225
2296,1704
2296,281
2296,3538
2296,3551
2296,2225
2308,1332
2311,842
2319,833
2321,175
2323,782
2329,3300
3522,3609
2347,3609
2350,1442
2350,3601
2353,2786
2354,2760
3244,1807
3244,341
3244,879
3345,1807
3345,341
3345,879
2358,1807
2358,341
2358,879
2360,450
2362,3459
2364,609
2365,2263
3593,550
3593,21
3593,492
3593,693
3593,1095
2366,550
2366,21
2366,492
2366,693
2366,1095
2379,3287
2383,729
2394,458
2409,227
2401,227
2404,1945
2412,1945
2416,1665
2419,689
2424,521
2433,2476
2439,2633
2444,1657
2448,752
2449,529
2452,2156
2454,1801
2457,3483
2460,206
2464,1027
2466,2783
3641,3060
3641,3085
3591,3060
3591,3085
2480,3060
2480,3085
2474,3060
2474,3085
2477,736
2479,736
2485,731
2491,1298
2492,615
2501,264
2691,748
2859,748
2503,748
2505,832
3653,832
2520,132
2706,132
2561,2885
2531,2885
2569,2043
2569,3248
2538,2043
2538,3248
2543,2001
2543,2936
2574,2001
2574,2936
3633,3341
3633,2430
3633,2634
3633,2287
3633,1713
3633,3644
3633,3620
2558,3341
2558,2430
2558,2634
2558,2287
2558,1713
2558,3644
2558,3620
2545,3341
2545,2430
2545,2634
2545,2287
2545,1713
2545,3644
2545,3620
3492,3341
3492,2430
3492,2634
3492,2287
3492,1713
3492,3644
3492,3620
2576,3341
2576,2430
2576,2634
2576,2287
2576,1713
2576,3644
2576,3620
2581,2556
2550,2556
2551,60
3024,2302
3024,623
3024,150
3024,1638
3024,1827
3024,447
3024,3611
3024,328
3024,1552
3024,1203
3024,194
2553,2302
2553,623
2553,150
2553,1638
2553,1827
2553,447
2553,3611
2553,328
2553,1552
2553,1203
2553,194
2584,304
2591,2171
2599,3308
2606,38
2616,2913
2611,2913
2670,2913
2618,388
3816,388
2651,2193
2620,2193
2626,504
2657,504
3877,504
2643,2278
3512,3114
3512,975
2644,3114
2644,975
2661,517
2662,221
2662,1518
2662,2149
2662,1352
2662,1802
3736,221
3736,1518
3736,2149
3736,1352
3736,1802
2929,1251
2667,1251
2674,3580
3966,594
2722,594
2726,931
3806,2509
3547,2509
2727,2509
3445,2509
2735,1546
2738,2077
2740,1689
2749,549
2749,849
3892,549
3892,849
2752,2771
2758,3215
2760,572
2947,572
3908,2038
3908,1580
3908,3674
2761,2038
2761,1580
2761,3674
2764,1936
2765,2483
2775,3428
2780,1461
2780,540
2780,466
2780,1707
2780,1428
2780,1714
2794,2732
2796,2839
2804,598
2806,2174
2806,1615
2819,3563
3307,3563
2822,1502
2823,3099
2824,2206
2827,2880
2832,3576
3390,3467
3390,2719
2833,3467
2833,2719
2842,1033
2843,3144
2848,1086
3789,3438
3789,933
3789,2952
3789,433
3789,1709
2850,3438
2850,933
2850,2952
2850,433
2850,1709
3327,2000
3327,2507
3327,1214
3355,2000
3355,2507
3355,1214
2854,2000
2854,2507
2854,1214
2860,3466
2912,3466
2861,50
2861,3424
2861,1140
2866,908
2872,1537
2872,3691
2886,1113
2877,1113
2892,170
2894,3665
2900,2437
2900,3550
2909,1724
2914,1129
2917,1766
2921,2659
2927,1112
2927,551
2930,845
2934,2892
2940,691
2940,276
2948,2157
2950,3370
2952,2002
2953,3157
2958,1310
2958,2625
2961,330
2967,808
2976,2848
2976,1928
2980,178
2984,3465
3007,3465
2999,2244
3003,1986
3005,362
3019,1712
3029,2344
3043,695
3049,422
3058,2224
3059,952
3067,2679
3067,886
3067,480
3067,1122
3398,2679
3398,886
3398,480
3398,1122
3394,2679
3394,886
3394,480
3394,1122
3478,2679
3478,886
3478,480
3478,1122
3068,47
3075,853
3077,882
3078,1064
3079,3485
3083,96
3843,96
3085,834
3090,954
3101,256
3101,1803
3101,2712
3108,3137
3110,1757
3113,896
3113,2
3123,1503
3196,2653
3127,2653
3203,734
3133,734
3134,123
3145,59
3153,1488
3161,368
3216,368
3285,368
3167,1733
3171,1373
3240,1373
3173,1737
3173,2175
3173,1166
3242,1737
3242,2175
3242,1166
3181,1429
3181,2447
3250,1429
3250,2447
3183,1962
3183,3106
3183,1896
3183,2882
3252,1962
3252,3106
3252,1896
3252,2882
3189,902
3200,711
3200,3274
3284,3596
3215,3596
3291,1885
3221,1885
3293,1729
3224,1729
3298,13
3229,13
3262,1613
3272,2131
3277,2698
3550,2645
3306,2645
3308,2118
3318,575
3318,3415
3705,575
3705,3415
3323,478
3325,638
3326,3639
3328,2708
3331,1052
3333,2961
3341,491
3344,158
3346,1425
3347,2742
3350,1414
3351,621
3356,37
3366,371
3369,291
3754,291
3637,291
3370,2312
3372,1371
3372,587
3375,251
3569,251
3382,1815
3428,1815
3511,3023
3511,3275
3385,3023
3385,3275
3386,2270
3386,1845
3387,503
3389,12
3392,1790
3400,599
3410,243
3418,1083
3424,764
3425,1360
3426,506
3431,508
3432,416
3441,1162
3446,2481
3447,233
3449,127
3451,205
3453,1579
3456,2281
3459,449
3459,1121
3461,3423
3461,2468
3461,342
3461,3093
3473,745
3474,1575
3477,1065
3616,200
3482,200
3483,283
3488,138
3491,2579
3497,125
3498,112
3498,799
3498,1237
3498,1183
3498,279
3498,563
3498,293
3501,396
3507,539
3516,2119
3519,885
3519,1382
3527,2530
3527,335
3529,909
3533,677
3537,944
3539,825
3548,2545
3552,3232
3552,271
3553,80
3559,1501
3560,453
3566,3501
3567,298
3568,583
3570,468
3570,3273
3574,871
3583,686
3584,1124
3585,3040
3592,863
3592,3556
3592,2393
3592,393
3595,94
3596,562
3599,294
3600,513
3600,653
3600,3679
3601,768
3605,46
3606,169
3612,665
3612,1930
3612,589
3622,2984
3624,2248
3624,1364
3626,767
3628,1061
3639,2829
3640,301
3646,3558
3650,891
3654,452
3655,1004
3659,52
3664,275
3666,702
3672,704
3677,230
3684,485
3686,1169
3690,580
3691,632
3692,75
3693,963
3694,569
3698,684
3702,3052
3702,1753
3709,2018
3714,184
3716,3128
3716,2271
3716,2074
3716,2487
3716,3696
3716,1642
3717,1190
3717,3431
3720,3075
3722,998
3730,1940
3730,3264
3732,3658
3737,3685
3737,3564
3737,1607
3734,3685
3734,3564
3734,1607
3742,203
3743,34
3748,2310
3751,1394
3751,921
3752,656
3755,237
3759,3444
3769,3378
3769,2342
3769,120
3769,904
3769,1959
3780,259
3783,789
3784,699
3785,3592
3785,1851
3786,263
3796,3623
3796,2522
3799,1161
3808,106
3809,2187
3809,1276
3809,2671
3812,1278
3813,3585
3818,3534
3818,664
3820,2852
3821,639
3822,2492
3824,322
3828,2996
3833,1075
3837,980
3837,1622
3838,57
3842,994
3845,642
3845,984
3846,272
3856,1138
3858,3457
3862,730
3868,191
3870,1255
3871,3166
3872,1222
3876,3020
3878,852
3879,1102
3881,2135
3885,212
3887,1823
3891,953
3900,758
3901,410
3913,3584
3913,3416
3917,56
3923,707
3924,2294
3924,1499
3926,3340
3933,3677
3937,1483
3941,3666
3942,2548
3942,1814
3942,2525
3942,1155
3942,2811
3944,2370
3944,1634
3945,2210
3945,44
3946,3202
3949,657
3956,2766
3959,1261
3963,2941
