spotify.id,allmusic.id
0,6746
6,2048
25980,23087
11063,26450
15447,20158
4747,24824
25898,24505
22105,33651
21,28879
32,32094
4689,9142
37,33375
19464,9206
15369,8945
25891,16445
25891,16524
4770,31602
94,11845
4808,30169
85,33312
179,33312
4742,3437
88,3437
19479,954
19538,1624
102,1624
11208,6713
114,8251
26010,32578
116,32578
124,33334
130,3188
266,8324
266,34359
4937,8324
4937,34359
140,31608
4840,6419
4815,6419
165,6419
4812,28768
4812,28718
182,28768
182,28718
191,5307
191,34213
26161,1998
26168,34443
385,34155
1357,6754
12020,9217
232,5206
269,20162
269,20167
269,20165
269,5071
5035,20162
5035,20167
5035,20165
5035,5071
374,20162
374,20167
374,20165
374,5071
270,31559
376,31559
274,34580
15646,3288
19722,3288
15654,28224
318,33501
330,27778
330,2805
15650,27778
15650,2805
404,487
26257,6699
5147,487
365,28523
433,4669
433,33414
456,29099
457,31521
5203,32726
472,11586
5255,11586
476,5992
503,4124
5369,31492
5369,31478
529,31492
529,31478
531,5812
5221,5812
5202,34177
642,1591
656,11840
22553,11840
5414,11840
682,33486
11573,32633
20020,5607
773,26465
908,3996
5701,3996
912,32755
921,26894
26604,1461
972,1461
5858,5761
26548,33324
20148,32715
20246,3824
1178,18809
22763,9646
16242,20260
5905,20260
1042,4120
1155,6305
1155,6310
1097,32067
6060,31940
1171,31940
5936,18828
26678,18828
1209,10259
22887,3974
1210,3974
1230,10254
1242,32071
1258,11276
1343,11276
26820,8602
16430,8602
1288,18806
1290,4005
6158,4005
1334,2040
6293,2040
16477,11785
1369,7040
6164,7040
23002,4014
1397,9622
1397,9621
1510,18812
1510,6963
20544,31963
1473,11238
16604,32463
1490,11245
1509,34350
6563,3758
1511,27290
6568,27290
1524,4027
6564,4027
1527,32874
6495,25795
1543,9115
12269,34346
23157,34200
1597,26485
1600,27289
6700,27289
6473,32504
1604,32504
12263,4029
6569,32863
1643,32863
1650,8580
16780,3832
23198,8331
23198,5789
6686,6645
12257,8331
20730,8331
20674,1704
12314,35664
1714,34440
1723,4041
1739,18807
6803,18807
1750,5334
23262,9618
27234,9618
16852,5201
1775,25779
1781,31772
6814,31772
6745,4096
1788,4096
6817,11936
1794,11936
1800,34416
12396,20668
1809,29253
1814,4122
1921,4122
16989,27190
27372,27190
1828,1993
1836,19136
16891,20281
1867,8318
6858,5292
12350,9922
16907,27546
12390,27546
1901,5781
27299,5788
20921,4149
27397,4149
27397,8393
27397,9787
6985,33784
27415,33913
7026,4149
7026,9787
1945,1702
1947,1974
1975,4163
12447,11991
24114,10619
24114,5457
24114,18112
24114,18130
24114,73
2000,29120
2008,35504
2008,25805
2013,22080
2013,22088
2013,22109
2013,1320
2013,22054
2013,6465
2013,6494
2013,22143
2013,22046
2013,6533
2013,22195
2014,22144
2014,6532
2014,1318
2014,6466
2014,22310
2014,22108
2014,22089
2014,22056
2014,22133
2014,5860
2014,6490
2017,24549
2018,25806
8759,2876
13735,22510
24087,2876
8757,29567
13733,6894
18200,22345
8713,12724
8713,12647
8713,12664
8713,12683
8713,12688
2046,10956
2048,10777
13828,27447
13840,35401
13840,34515
18265,27327
24159,35384
24159,29713
24159,15679
24159,34518
24159,2778
24159,8681
24159,15636
24159,35405
24159,7715
21139,25798
2056,2321
2098,22924
21165,33220
21165,666
2104,14319
2104,14446
2104,14492
2104,17723
2104,16523
2104,16536
2104,16518
2104,7822
24127,13540
24127,13511
24127,13723
24127,25682
24127,25655
24127,13547
24127,13534
24117,25654
24117,3497
24117,13724
24117,13530
24117,13514
24117,13542
24117,13531
2110,14357
2110,14369
2097,26904
2097,26797
2101,14238
2101,28611
2111,17990
2111,28650
2112,10742
2117,28610
2118,14358
2118,28649
2119,23338
2119,23358
2120,22206
2120,6391
2120,1313
2120,6491
2120,22102
2120,6464
2120,6527
2120,22065
2120,5864
2124,24841
24121,18900
24121,18986
24121,18844
24121,26613
24121,18965
24121,19040
24121,18936
24121,18937
2143,3215
24205,24111
24205,24103
24205,10755
24205,33757
24205,2279
2187,22953
24226,17464
24226,22190
24226,13672
2157,17330
2157,17328
2157,17359
2157,14339
2157,17343
2157,14292
2157,17263
2157,17274
2157,17399
2157,17412
2157,14509
2157,17416
2157,17296
2157,17981
2157,3941
2157,28838
2157,14392
2157,17309
24218,1691
24218,501
2165,6514
2165,22100
2165,22044
2165,22050
2165,22066
2165,6459
2165,1300
2165,6524
2165,6413
2165,5830
2165,6739
2165,22047
2165,22059
2165,22123
2167,14511
2167,3943
2167,17364
2167,17312
2167,17411
2167,17383
2167,17384
2167,14300
2167,17310
2172,14395
2172,17276
2172,14295
2174,10888
2174,33360
8902,29521
2186,27279
2186,17408
2186,14294
2186,14391
2186,17417
2186,17324
2186,25623
2186,17381
2237,27279
2237,17408
2237,14294
2237,14391
2237,17417
2237,17324
2237,25623
2237,17381
2177,13770
2177,31719
2177,7430
2177,25681
2177,25697
2177,13747
2177,25646
2177,25675
2177,23903
2177,3332
24200,5072
24195,22187
24195,13674
24195,22179
24195,22314
24210,18962
24210,19055
24210,18980
24210,19038
24210,19007
24210,26604
24210,18925
24210,18897
24210,18862
24210,18961
2193,33363
2203,25078
2203,7874
2203,33299
2203,30819
2203,33992
2203,7906
2203,35398
2203,96
2203,29850
2203,25044
2203,1250
2203,97
2203,23930
2205,4930
2205,17231
2205,14525
2205,17179
2205,446
2207,20335
2207,4964
2207,14379
2208,11250
2208,35322
2208,35333
21197,972
2209,18788
2209,17978
2209,4969
2209,14493
2209,14384
2213,2922
2213,14146
2213,6843
2222,2918
2222,6836
2222,14143
24230,18875
2223,7531
2224,33853
2224,24132
2224,13088
2224,13100
2224,34429
2224,6895
2224,9311
18329,31256
18329,30836
2245,6844
2245,14145
2245,17157
13883,19625
2254,7475
24293,19022
24293,3907
24293,3891
24293,18879
24293,3884
24293,19010
24293,19024
2329,2652
2329,14434
2329,5060
2329,17057
2340,535
13974,535
2316,30897
24292,535
8966,2992
8966,14412
2277,14409
2277,3068
2281,22209
2281,5473
2281,22276
2285,17406
2285,14337
2285,5724
2285,1671
2285,17327
2285,17391
2285,3932
2285,17374
2285,28828
2285,14291
24294,12377
24294,12381
2313,4855
2313,14413
2313,17449
2313,17694
2313,462
2313,14452
2305,7969
2306,16649
2307,20469
2312,16519
2312,14312
2312,17686
2312,5089
2320,31177
2320,6339
2320,10905
2320,31458
2320,31179
24305,5543
2326,1618
2326,31873
2328,14530
2328,439
2328,27523
2328,17992
8947,14530
8947,439
8947,27523
8947,17992
2330,14341
2330,5725
2330,2916
2330,14140
2330,17456
2344,17695
2344,22467
2344,22913
2362,13063
2367,3476
2367,15131
2367,17143
2367,17215
2367,14260
2369,17187
2369,7073
2369,17198
2369,14256
2369,17230
2455,27520
18430,19540
24354,17323
24354,17370
24354,17311
24354,32601
24354,14333
24354,17402
24354,17293
24354,14307
24354,17339
24354,17363
24354,17286
24354,3937
24354,14286
2375,33295
2375,94
2375,29847
14067,4144
2391,20306
2395,29102
24358,29885
24358,29924
24358,25542
24372,14301
24372,3010
24372,17211
14004,8026
2416,17320
2416,17303
2416,17289
2416,14308
2416,17372
2416,17294
2416,14280
2416,17356
2416,17407
2416,3930
9107,24393
2423,14917
2423,19394
2423,19516
2423,19528
2439,5497
2439,5498
2439,22982
2439,22901
2439,23017
2439,5513
2439,22972
2443,31574
2447,20482
2447,3069
2451,12393
24338,13168
2471,3170
2481,17523
2481,13469
2483,3064
2484,4276
2484,4260
24457,32520
14142,14069
14142,3241
14142,14049
14142,3152
9155,14106
2559,22127
2559,6455
2559,1887
2559,6410
2559,5868
2559,22136
2559,22131
2559,22207
2559,22096
2559,6479
2559,6520
9205,7755
2509,14486
2509,16574
2509,17970
2509,27775
2532,17129
21319,27173
24444,32606
24444,11848
2492,27173
24453,8070
24453,8110
2497,14255
2497,7962
2501,14089
2501,14156
2501,14045
2501,29227
24396,3223
24396,14070
24396,3154
24396,14046
2566,22716
2566,11450
2566,10021
2566,22678
2503,3223
2503,14070
2503,3154
2503,14046
21312,617
2504,13993
2504,14153
2504,5709
2504,29229
2504,14042
2510,4257
2510,4275
2510,4269
2511,4273
2511,4255
24449,7903
24419,32458
2515,7756
9241,9921
9188,26270
9188,22701
9188,22765
9188,22717
9188,2696
9188,22894
24414,26270
24414,22701
24414,22765
24414,22717
24414,2696
24414,22894
18490,33505
2528,15113
2528,33868
2528,15097
2529,25117
2529,6636
2529,25461
2529,5760
2529,1295
18466,25117
18466,6636
18466,25461
18466,5760
18466,1295
2590,28423
2590,28404
2530,292
2530,15640
2530,32952
2530,35399
2530,35386
2530,79
2530,15684
2530,32914
2530,7634
2530,30116
2534,13488
2534,17605
2534,17524
24389,33369
2538,4258
2538,4272
2538,4270
24436,5715
24436,523
2541,2645
2541,17050
2542,5417
2542,5511
2542,22888
2542,22946
2542,22980
2544,2431
2544,2913
2547,16577
2547,16449
2547,17971
2549,5730
2551,25620
2551,7083
2553,14157
2553,27824
2553,27598
2553,27978
2558,30714
2558,30715
24445,14011
24445,17071
24445,17066
24445,16423
24445,14018
2560,33271
2561,13440
2562,11858
2562,11851
2562,17525
2562,11867
2562,11866
2562,17656
2562,28635
2562,11857
2562,11850
2562,11859
2562,17486
2568,20478
2568,3065
2573,17571
2573,17673
2573,17570
2573,17747
2574,602
2579,4710
2579,4278
2579,28335
2581,17056
14129,1765
14129,30707
18495,13472
2589,4256
2589,4274
2593,13429
2593,13492
2593,17666
2593,17609
2593,13349
2593,17559
2594,16575
2594,16456
2594,17882
2594,16561
2594,27772
2594,17783
2594,14427
2594,14487
2595,4757
24426,526
14083,22949
14083,22977
14083,22885
2601,22949
2601,22977
2601,22885
9258,7057
2606,7057
2608,13369
2608,13589
2608,13387
2608,4902
2608,13353
2608,10065
24526,33370
2641,17547
2641,17660
2641,17607
24528,17568
24528,6385
24528,17576
24528,17671
24528,17615
2613,4901
2613,13385
2613,13356
21324,17545
21324,17608
21324,17557
21324,17663
24488,28294
24488,14095
24488,28286
24488,28255
21325,34941
21325,34949
18555,34941
18555,34949
9296,28467
9296,16591
2652,5005
21336,596
21336,1504
24530,23732
24530,23661
24530,1514
24530,23648
24530,23711
24530,23769
24530,2929
2650,13598
2648,32939
2648,34959
2648,32941
2648,34116
2648,35415
2648,34115
2648,32940
9358,13427
9358,1358
9358,12336
9358,12319
2628,17969
2628,16585
2628,14480
2628,16583
2628,16448
2628,27776
2632,4900
2701,17049
2701,2648
2634,5361
14225,24121
14225,6891
2651,13994
9272,24877
9272,32877
9272,35362
9272,24873
9272,30942
24549,24877
24549,32877
24549,35362
24549,24873
24549,30942
2658,16586
2658,27777
2658,5727
2658,16582
2658,14482
2658,17972
2658,14428
2658,17903
2662,4262
2662,4263
2720,4262
2720,4263
18556,33111
18556,17131
2663,33111
2663,17131
21332,981
21332,1109
14175,30135
2672,13483
2672,13432
2718,7929
2682,22061
2682,22085
2682,6474
2682,1303
2682,22052
2682,6405
2682,6509
2682,6406
2697,27701
2697,17745
2697,17067
2697,8010
2697,17594
2697,17737
2697,17597
2697,17497
2687,17032
2687,2909
2699,13409
2702,1305
2702,22067
2702,22094
2702,22198
2702,22125
2702,6515
2702,6475
2702,5831
2702,6423
2702,22121
2703,9502
2703,9706
14221,27614
14221,15118
14221,27615
2714,13410
14215,13339
2715,13339
9351,33573
2731,9691
18527,14477
18523,19381
2758,13414
2758,1416
2800,17966
2800,16447
2800,16578
24640,28298
2742,17325
2743,6047
2743,6052
2743,6054
2764,5723
24647,5723
24588,21489
2748,13922
2748,13883
2844,13448
9419,8991
2818,27566
9441,8992
2761,5627
24626,18994
2765,17238
24621,34030
24621,10769
24621,34056
24621,33433
14328,5617
14328,22332
24628,11842
24593,17068
2816,17068
2780,17548
2780,17633
2780,2544
2780,13487
2780,17549
2780,17646
2780,17634
2786,10611
2786,35280
2787,29742
2787,29740
2863,13490
2801,28466
2801,7345
2813,17542
2813,17640
2813,2542
2813,13479
2814,13984
2815,13491
2820,8451
2824,19280
2824,19295
2827,5391
2827,13275
2828,5514
2828,22955
2828,22890
2828,5421
2828,8950
2828,22979
2859,27702
2859,13452
2859,13467
2859,13466
2859,24903
2829,27702
2829,13452
2829,13467
2829,13466
2829,24903
2840,32674
2836,6057
2836,6040
2836,6053
2836,6166
2836,6034
2836,6049
2836,6037
2847,28866
2848,12254
2848,14250
2848,17225
2959,28613
2958,28609
2872,17388
2872,3925
2872,17332
2872,14269
2872,28779
2872,17317
2872,17319
2872,14330
2872,17345
2874,7347
2874,9369
2874,28464
9555,10524
14385,17674
14385,17565
14385,17095
14385,17582
14385,10694
14385,17626
2879,17674
2879,17565
2879,17095
2879,17582
2879,10694
2879,17626
2880,17675
2880,17569
2880,17627
2965,27153
9526,3268
9526,19188
2887,27106
14361,7328
14361,28672
14361,14090
2956,13992
2956,29222
2956,14038
2956,28625
2956,14155
21435,13992
21435,29222
21435,14038
21435,28625
21435,14155
24731,33389
2898,17734
2898,1456
2898,23977
2899,27161
2900,440
18664,27842
18664,28413
21417,1457
21417,23976
21417,17097
18649,1457
18649,23976
18649,17097
2904,1457
2904,23976
2904,17097
9540,15089
2915,27151
2919,28249
9503,6673
24723,12373
24723,8105
24723,35605
2926,4720
2928,28463
2928,7342
2928,9368
18654,22353
18654,22362
18654,22439
18654,22438
18654,22409
18654,2693
18654,22434
18654,22408
18654,22373
9488,22353
9488,22362
9488,22439
9488,22438
9488,22409
9488,2693
9488,22434
9488,22408
9488,22373
2937,28604
2942,32670
2942,17080
2947,10036
2947,25717
2950,17566
2950,13416
2950,13494
2950,17567
2950,17667
2951,9485
2951,9995
2951,9994
2951,18374
2952,28631
2952,34459
2952,10050
2952,25718
2954,95
2954,33293
2954,17494
2954,34963
2954,46
2954,7873
2954,29848
24734,8111
24734,35539
24734,12379
2955,14251
2960,16766
24718,16766
2963,441
2971,27154
2973,27745
2973,27691
2973,27761
2973,27760
2973,27692
2973,27683
2985,14234
2988,13739
2988,13766
2989,31564
3062,23856
2996,14138
2996,14030
9565,11511
3076,14136
3076,14150
3076,29226
3076,14036
24815,18817
21447,14136
21447,14150
21447,29226
21447,14036
3041,8495
3073,13500
3073,13366
3073,17618
9665,19082
3030,14136
3030,14150
3030,29226
3030,14036
3002,14132
3002,14034
3008,5626
3042,5701
3042,29268
24824,2442
24824,2496
24761,28593
9636,28593
3017,17596
3017,17517
3017,17516
3017,17558
3017,17659
3017,13348
3017,17612
3017,13423
3022,14133
9605,34430
21469,13596
21469,13461
3061,16594
24770,32983
3067,5186
14481,5186
24775,5186
3070,6716
3071,14537
9630,8925
9630,12329
9630,25711
9630,1409
9630,12308
3075,18381
3087,14131
3087,14033
18715,8609
3100,7884
3100,4933
24862,10756
24862,10698
3109,10759
3109,10691
3134,17490
3134,23913
3139,28873
3114,23013
3114,22943
3114,8896
3121,23971
3121,17531
3125,35279
3125,27698
18737,10692
3127,27725
3127,27769
3127,27711
3127,27710
3127,27627
3132,28451
3132,200
3132,7335
3143,16565
3162,13396
21487,13396
3164,5764
3175,1879
3178,29224
3178,14144
3178,14028
3180,33404
3184,15263
3184,16571
3186,28569
3188,22908
3188,20
3188,22964
3188,12500
3199,28629
3199,27727
3201,27652
3201,27664
3201,27718
3201,27744
9848,21652
9848,21639
9848,21649
9848,24846
3225,9141
24980,25773
3234,18414
21517,28651
21517,28655
24919,33986
18791,8250
3263,28511
3263,28564
3263,28493
3265,30898
3265,30876
3269,13365
3269,17613
3269,13499
3272,13035
3272,13014
3272,12815
3275,13034
3275,28633
3275,13010
3275,12812
3276,28540
3276,28500
3276,28519
3276,28565
3276,28494
3276,28497
3276,28578
3276,28539
3277,8264
3287,8915
3290,2589
3307,3134
3293,11561
3313,23968
3313,2140
3313,23954
3313,3486
3339,3051
3339,23884
3339,25714
3339,12345
3339,1405
25078,3051
25078,23884
25078,25714
25078,12345
25078,1405
3382,5734
3316,1689
25023,1689
3393,8061
3325,967
3378,3487
3378,2143
25022,1932
9900,6206
18829,28521
18829,28501
18829,28491
18829,28576
18829,28572
18829,31585
18829,28441
18829,28502
18829,28545
3341,4287
3341,4285
25024,5721
18822,25709
18822,12333
18822,1403
3349,21648
3349,24847
3349,21640
3377,28206
3377,28401
3386,18409
25060,22818
25060,22780
25069,16391
25069,7359
3397,8060
3405,22344
3405,22331
3415,27869
3415,21872
3415,12338
3415,27897
3415,1404
3415,28891
3428,31723
3445,35623
14779,28691
18891,11706
18891,28691
3430,19522
3430,29274
3512,5598
3512,533
3512,28029
3512,5577
3443,9455
3479,30854
3498,30855
3459,4775
3506,30856
3463,30849
3483,26982
10066,502
3494,10556
3497,17234
3501,33263
3507,9757
3510,26737
3511,10488
3511,13331
3516,12169
10022,27722
14738,20557
3524,33267
3533,28608
3537,1674
21610,19119
25164,7042
3551,10774
3630,13246
3630,5383
3630,6359
3630,13142
25154,1858
25154,7174
3560,5258
10119,14928
10119,11402
10119,11001
10119,11005
3572,29292
3615,13137
3615,6356
3615,5385
3598,28432
3599,27708
3599,27729
3599,27709
3599,27707
3599,27767
10103,27708
10103,27729
10103,27709
10103,27707
10103,27767
3642,28333
3651,9438
3627,12465
3627,5600
3627,5580
3631,2606
3631,7831
3631,18379
3631,18396
3632,8938
3633,5384
3633,13136
3633,6731
3646,28114
3646,28124
3646,28126
3646,8937
3649,3032
3649,4758
3658,14360
25196,10493
25196,10196
25196,2281
25293,29807
25293,29808
25293,5370
18989,32969
25292,27567
3690,28234
3700,25505
3701,23960
3701,2137
3701,23956
3706,4750
3709,28233
3716,12400
3727,30227
3727,29819
3727,29825
3752,309
3849,4893
25367,22775
19014,20656
10263,20656
25338,22691
25338,22600
25338,20216
25338,24874
25338,22748
19035,32299
3854,23919
3777,28034
25324,5229
3782,212
3796,28354
3823,28354
3797,5783
3798,12419
3812,30072
3820,17233
3821,25778
25354,25778
3822,3761
3883,11267
25333,11717
3835,24347
3836,27185
3842,13189
3842,13272
3842,13241
3842,3035
3842,5381
3842,13143
10261,15578
10261,15897
3848,6683
3848,31536
3873,11567
3873,28193
3873,28192
25364,6223
25364,17871
25364,6229
25364,6199
25364,5066
25364,6213
25364,17865
3960,28018
3960,9136
3889,2602
3889,3219
3894,8873
19102,7620
10433,35528
3987,35350
3987,35346
14973,35350
14973,35346
21752,3297
21752,1239
3901,11913
21748,8780
21748,25530
10423,27995
3910,7939
3910,29233
3941,33466
14984,863
3940,863
3953,7923
10427,9157
3968,9157
3970,27993
3975,35499
3975,2021
3979,10845
3979,2017
3979,10296
3979,10792
4004,13329
4010,28547
4010,2345
19159,9948
4020,27802
19124,29784
19124,29830
19124,29657
4033,6388
4039,32064
4040,27962
4040,10306
4040,2863
4040,10858
10563,28046
4057,28379
4059,29287
4073,31560
4073,2334
4090,5122
4090,7928
4091,27989
4091,27977
4091,2866
10550,21566
10550,21596
10550,21572
10550,21571
25529,11285
4097,2864
4097,27961
25509,3162
25509,33076
25509,1543
25509,6236
4125,1755
4181,13149
4181,13200
4181,13295
4134,13299
4134,13156
4142,11455
4142,20426
4176,28674
4176,28679
4176,28683
4176,28857
4176,28069
15107,29065
25602,33473
25602,28714
4227,1589
19197,12442
4191,29469
15132,8015
4198,1676
4201,3239
4209,3312
4210,13303
4210,13151
4210,13237
4211,9163
4214,32120
4224,435
4225,26091
4230,8254
4230,27322
4248,13157
4248,13263
4248,13195
4249,9746
10679,15711
25653,10678
4263,5635
4268,4725
25634,32281
10682,28938
4275,6387
4278,32547
21916,13496
21916,10062
21916,13370
21916,17614
4308,26193
4312,3267
4318,27966
4318,27967
4321,7933
4322,27969
4322,11241
4322,27971
10684,1941
25619,28377
25619,28348
4375,21220
4394,7924
4419,13326
4424,3308
19329,25014
19329,24914
4431,23991
4431,23986
4431,23970
4431,23988
4431,23985
4431,23989
4431,23999
4431,11148
4431,23990
4431,23987
4432,21933
10808,28951
4436,31461
4436,8039
4436,34178
4462,31150
4512,31995
4512,3038
4512,1393
4512,23886
19343,31995
19343,3038
19343,1393
19343,23886
4478,11603
25791,3493
4504,28003
4506,27126
25751,24668
25751,14020
4507,35549
15299,28790
4525,28790
4517,11565
4517,10622
4518,33608
4529,9709
4532,7536
4532,20333
4537,9739
19366,11566
4541,11566
4546,35518
4554,5708
4555,6389
4566,32509
4568,12410
10983,35524
10967,34194
19402,8228
19432,25020
4624,24986
4624,4233
4586,28175
4634,28178
4630,9177
4645,3233
4647,29234
19494,33323
19494,31802
4676,33262
19502,10679
19502,21527
4684,29532
4690,9750
4690,6317
25915,9750
25915,6317
4710,33298
4741,19272
4741,11804
4741,19266
4819,21515
26017,31733
26017,19165
4767,3216
11151,3216
4784,12269
11135,16496
4826,12275
4827,8012
4833,32063
26032,28219
26032,28217
26032,26331
4838,18359
4838,28061
4838,18403
4838,28060
4838,28062
11186,24808
11186,13134
4916,9221
4940,10686
4968,27619
4978,732
4978,25562
5022,28022
5022,28028
26129,27617
26129,27622
5047,27617
5047,27622
5063,34195
5148,27982
5148,27770
5177,25566
5234,545
5371,26449
5528,27553
5591,18369
5575,18369
5604,18372
5650,31563
22742,5675
5799,16604
5807,4075
16190,4075
22773,11609
5957,32512
22840,11136
26755,34540
5985,5322
5989,3963
26826,5804
6094,5804
23021,12011
23021,32277
6298,12011
6298,32277
12037,12011
6224,32279
6223,8619
6318,34445
23092,26354
23050,26354
6382,26661
6405,12469
6510,33615
27077,26337
27103,3860
6616,26295
16765,6691
27178,6691
6666,6659
20715,19138
6712,5302
6721,11130
12316,20659
28048,20649
27370,3823
27385,11597
6932,28982
6937,32857
20826,12478
6952,26072
6971,34032
6972,9775
28335,9775
7019,7708
27461,2010
28268,31913
17083,20129
17226,5747
12596,6612
12596,3168
17418,12053
12755,5774
12755,27320
12747,31191
12747,25987
12747,25926
12765,25471
12765,7200
7215,20180
23510,32023
23510,21058
23510,7621
7216,32023
7216,21058
7216,7621
7224,3498
7224,12357
7224,19855
7224,3504
7224,12364
7224,12361
7224,3503
7224,3500
7224,3552
7229,3185
7232,3175
7255,2930
7255,29398
7255,7745
7255,2843
7255,12873
7255,29399
7255,29397
7255,5036
7255,20387
7255,7737
12839,3515
12839,3446
17483,5973
23528,32026
23523,6828
23523,19953
23523,20710
7277,6828
7277,19953
7277,20710
12843,26912
7283,3604
23532,9364
7297,35301
7299,19840
7333,20177
12863,20832
12863,8818
7381,34212
7385,21465
7385,21567
7385,21563
7385,21569
7385,21564
7385,21562
7385,341
7420,21465
7420,21567
7420,21563
7420,21569
7420,21564
7420,21562
7420,341
7425,29457
7425,35272
7425,35273
7425,12908
7391,32967
7426,277
7426,19661
7426,19660
7426,19952
7426,20086
7426,19657
7426,20120
7426,7411
7407,2620
7407,3744
7407,23819
7407,32449
7410,21253
7410,233
7410,11546
7410,21632
7410,21594
7410,21247
7410,21399
7410,21460
7410,936
17584,3277
7489,1946
12954,20814
12954,20867
12954,20817
12959,20865
12959,20815
12959,20818
7484,31816
7495,25608
12984,30336
12984,34875
12984,5854
12984,27039
12984,31099
12984,34878
12984,35740
12984,30580
12984,2758
12984,35150
12984,35243
12984,35172
7581,30204
7581,6784
7581,18604
7585,21241
7585,21365
7585,230
7585,268
7585,21246
7585,21606
7596,20181
13030,2847
13030,20394
13030,29190
13030,12968
13030,7750
13030,29400
13030,3294
13030,34380
7602,21591
7602,12401
7602,21634
7620,19700
7750,9101
7750,18585
13083,3413
13083,24652
13083,35230
13083,33260
13083,7777
17700,2624
7689,23262
7689,16063
7689,16167
7689,23581
7689,23253
17667,12445
23669,16058
23669,23245
23669,16166
23669,23578
23669,23244
23665,23265
23665,23278
23665,23588
23665,23256
23665,23284
23665,16168
23665,16059
7680,23427
7680,23436
7680,23402
7680,23466
7680,23410
7680,19808
7680,23441
7680,23448
7680,23454
7680,23450
7680,23542
23664,23264
23664,16064
23664,23255
23664,23567
23664,23582
23664,16173
23664,18744
7735,33736
13078,8730
13078,7387
13078,15494
13078,32890
13078,31040
13078,35529
13078,8233
13105,8730
13105,7387
13105,15494
13105,32890
13105,31040
13105,35529
13105,8233
7819,6847
7820,33463
7820,33764
23703,23217
23703,9862
23703,16046
23703,16156
23703,16027
23703,23227
7778,2861
7778,24260
7778,24308
7778,15156
23699,32288
7775,9741
7840,24329
7840,19830
13118,21224
13121,4192
17723,24131
17723,1814
17723,24116
17724,12832
17724,33901
17724,13017
17724,14191
23710,8426
23710,3017
23710,18475
23710,24022
7809,24514
7823,24514
7823,16159
7823,9870
7823,23220
7823,16040
7823,24228
7823,23228
7823,16050
13112,34667
13112,20049
13112,30094
13112,3793
13112,30081
13112,32827
13112,30546
13112,30327
13112,3775
13112,20068
13112,30473
13112,34655
13112,34672
13112,29375
13112,31452
13112,252
13112,24625
13112,19986
13112,30533
13112,30481
13112,26196
13112,10212
13112,30058
13112,30079
13112,26147
13112,26177
7830,3200
7843,156
7843,24661
7843,2220
7843,180
7854,3765
23701,16042
23701,15800
23701,23502
23701,23218
23701,18686
23701,9272
23701,16152
23701,9126
23701,9807
23701,23213
23701,16029
7858,6846
7990,7798
7990,16745
7990,33294
13201,6290
13201,3269
7908,33761
7965,33761
7956,26667
17770,34693
17770,19318
17770,13678
17789,19314
17789,34593
17789,13680
7890,16215
13158,24412
7891,428
7891,16264
13202,20003
13202,34649
13202,20040
13202,34616
13202,19874
7904,24388
7904,31841
7921,28900
7921,24411
7921,24475
7923,14199
23724,2296
23724,23186
23724,16014
23724,23175
23724,16141
7927,16137
7927,23184
7927,19370
7927,2230
7927,16013
7927,23173
7927,19371
7929,24377
7967,13679
7967,33880
7967,19312
7967,10084
7967,34691
7967,2209
7958,15693
7958,31084
13189,940
13189,15593
7978,16510
7978,4882
7978,18455
7957,18480
7957,18498
7957,16511
7957,4883
7977,16736
7985,35137
7985,32651
13254,16947
17811,18057
17811,35680
17811,434
17811,35703
17811,6583
17811,16723
17811,18238
23764,13819
23764,13588
23764,16935
23764,26886
23764,10034
23764,9190
23750,16125
23750,5034
23750,16001
13277,34753
13237,13811
13237,3028
13230,16908
8026,13811
8026,3028
23745,215
23745,9266
8082,2202
8043,20443
8043,7092
8043,20421
8043,20439
8015,34796
8015,29357
8015,31021
8015,30029
8015,8150
8015,32812
8015,11244
8015,29863
8015,29959
8005,4790
8005,30739
8005,25213
8005,4454
8005,4443
13261,3892
13214,23618
13214,23801
13214,18186
13214,23703
13214,23728
13214,23765
13214,23777
13214,23782
13214,23798
13214,23707
13214,23306
13214,23702
8027,6995
8027,4786
8027,5282
8027,5269
8027,30734
8027,25211
8027,4448
23769,24183
23769,2902
23769,24049
23769,24064
23769,8478
23769,24066
8061,15129
8062,16890
8064,12780
13270,3895
23735,16000
23735,5033
23735,16126
8075,15507
8086,9540
8086,24472
8088,31034
8088,29623
8096,16835
8106,17084
8106,4870
8106,18515
23804,9910
17862,16646
17862,16961
17862,16632
23788,26891
23788,13508
23788,13812
8126,146
8126,17925
8149,8815
8149,26052
8149,27267
17853,8815
17853,26052
17853,27267
23789,24262
23789,24272
8121,17924
8121,144
17833,8462
13339,1183
13339,1375
13339,34761
13339,30119
13339,1153
13339,1184
17845,34695
8132,4807
8132,25188
8198,9473
8198,21574
8198,3150
8198,9505
17851,9473
17851,21574
17851,3150
17851,9505
8199,9473
8199,21574
8199,3150
8199,9505
8135,9473
8135,21574
8135,3150
8135,9505
13340,30352
13340,16501
13340,16503
13340,20229
13340,4820
8158,21842
8158,21816
8158,24729
8158,21819
8158,24746
8158,24750
8158,24679
8158,21843
23803,19333
23803,19323
23803,16930
8166,4802
8180,7115
8180,14603
8180,35586
8180,14633
8180,17802
23785,4962
23785,65
23785,18116
23785,18145
23785,17919
23785,17958
23785,17921
23785,17909
23785,17948
23785,3291
23785,5467
23785,24173
13343,23109
8190,12538
8190,24164
8190,16878
8190,16868
8190,16762
8190,16196
8190,16856
8195,16637
8195,16598
8195,16971
8195,16648
17886,6018
17876,19250
8229,24461
8247,24454
20990,6985
8251,2189
8254,7044
13392,26117
17892,2970
20992,9902
8274,10420
13419,30155
13419,1369
13419,29877
13419,34008
13419,33143
13419,29873
13419,29876
13419,1148
13419,34740
13419,30106
21022,9905
21017,9905
13422,515
21026,23715
21026,1565
21026,23678
21026,23123
21026,23799
21026,23787
21026,2952
13440,23715
13440,27334
13440,32944
13440,1565
13440,16774
13440,23678
13440,29631
13440,16772
13440,23123
13440,23799
13440,23787
13440,27165
13440,2952
13440,16656
13440,117
23846,3619
23846,3585
23846,13554
23846,13567
23846,3687
23846,13734
23846,3641
23846,13708
17940,22449
17940,22407
17940,15787
17940,22387
17940,15788
8289,33991
8289,34759
8289,1368
8294,5412
8294,30730
8295,4833
17950,19607
23874,4834
23874,3528
8300,6897
8300,12507
8303,3648
8303,3662
8303,3861
8303,3583
8303,25687
8303,3654
8303,3629
8303,13713
8303,3600
8303,223
8303,25664
8333,32782
8306,32782
8307,20367
8308,1920
23844,14698
23844,2737
23844,11475
23844,15000
23844,11416
23844,14907
23844,14945
8317,10553
8338,22796
8322,24916
8322,33094
8322,14540
8322,22795
8323,2520
8323,14625
8323,14598
8323,18155
8349,6992
8349,5411
8349,30726
8349,25185
23904,3289
23904,32115
18002,3320
18002,6742
8380,10325
8380,33746
8380,33753
23937,413
23937,16317
8381,30769
8422,21589
8395,13525
8395,13717
8395,4240
8395,22679
8395,9906
8395,22589
8395,505
8395,3649
8395,13568
8395,22508
8395,4253
8395,13576
8395,3677
8395,3574
8395,4227
8395,13791
8395,13758
8395,3597
8395,22591
8395,13703
8395,22601
8395,3620
8395,3110
8402,12818
23909,5308
8409,5308
21037,34991
21037,33140
21037,31299
21037,34742
21037,30161
21037,18553
21037,34010
21037,31139
21037,30824
21037,1149
21037,31621
21037,33994
21037,1371
23925,4241
23925,22593
23925,503
23925,10022
23925,4225
23925,22683
23925,22585
23925,5013
23925,22509
23925,25983
8434,34153
23922,7487
8427,30722
8427,4666
8436,22042
8436,32123
8436,2122
8436,22161
8436,22155
18052,25445
13569,10346
13569,24453
23946,5054
18022,23003
18022,19712
8450,1438
13570,12708
8456,12708
23947,27225
23947,22008
8468,35034
8468,12004
23961,27219
23961,26854
23961,2285
23961,27216
23961,26846
23961,22013
23961,8804
8472,1439
8472,21522
8475,6669
23971,30656
8483,19148
8485,25629
8485,16397
8485,19616
23959,27229
23959,27009
23959,26025
23959,27217
23959,22011
23959,32472
23959,31765
23959,8810
23959,32499
23959,2286
23959,26844
8580,21989
8580,21799
13599,21989
13599,21799
8508,937
18092,937
8510,27434
8511,30723
8511,25183
8521,3094
24013,269
23988,22477
8517,5948
8530,8202
8535,12015
24006,19649
23985,7182
21068,10510
8555,22240
8555,7362
8555,22260
8555,22235
8555,22431
8555,22220
8555,23057
8555,22232
8555,22252
8555,23081
8555,22239
8555,22263
8555,22230
18107,20362
18107,35297
18107,5414
18107,3441
21066,33219
21066,2419
21066,724
8558,8138
8558,29498
8559,22163
8559,22156
8559,2119
8559,22174
8559,11255
8560,16334
8560,23058
8560,22435
8560,22244
8560,22218
8560,22238
8560,22233
8560,22253
8560,35334
8560,22375
8560,22243
8560,22225
8560,22255
8560,22430
8560,23050
8560,22247
8560,22228
8560,22256
8560,23086
8560,22241
8560,22257
8560,22325
8560,22261
8560,22236
8560,22246
8560,22258
8560,22227
8560,22380
8560,7371
8563,12147
8563,22989
8563,2774
8563,22919
8563,5522
8563,2346
8568,23114
8568,23120
8568,13103
8568,20880
8568,20898
18069,30395
18069,34914
18069,25087
18069,29857
18069,30419
18069,24627
18069,30441
24063,15248
24063,26542
8622,34525
8622,25048
8622,19815
8654,9197
24058,34036
24058,33436
24058,2099
24058,10708
18145,26034
18145,20424
8604,32495
8604,32491
8604,8805
8604,32051
8604,2659
8615,26020
8670,26020
8646,32538
8646,2227
8646,12144
18125,31110
18125,1827
18125,24641
18125,8917
18125,1828
18125,8918
18125,19641
8652,7485
8652,9201
8647,21575
8653,16350
8653,23061
8653,23059
8656,12179
8656,32210
13667,9316
13667,24133
13667,6906
24105,8018
24105,18889
21110,899
21110,588
21110,898
21110,32766
13772,19747
13772,22785
24082,2806
8755,9964
8782,8971
8782,33718
8782,34218
8782,34147
8782,34229
8782,5573
8782,34222
24091,10248
24091,14422
8720,27399
8720,27400
8720,16352
24073,13552
24073,30680
24073,13548
18196,33520
18196,30237
18196,25592
18196,34786
13758,12722
13758,12685
24140,33875
13836,22306
21168,1013
8825,22574
13811,312
24136,9466
24136,13060
24136,13079
24220,29150
24220,22842
24220,22682
24220,26217
24220,2703
24220,22761
24220,23001
24220,22878
24220,22869
24220,26232
24220,22520
24220,22697
8853,17223
8853,4931
8853,17974
24185,19003
24185,18855
24185,19057
24185,18982
24185,18969
24185,18846
24185,18899
8879,26875
21177,26875
8880,1791
24239,500
24216,26212
24216,22834
8999,22571
8973,7897
8985,34151
8990,35220
8992,22568
8994,22565
8994,27597
13939,22565
13939,27597
13964,34900
18437,19441
14045,6322
9063,20301
9071,31831
14021,31831
21260,9764
9122,22592
9122,6913
9122,22608
9122,22626
21277,699
9117,17194
9117,7071
9124,31248
9124,30780
9124,30814
9127,14316
9127,17679
9127,16520
9127,17705
9127,7829
9127,16452
18426,5900
9194,650
9200,6161
9228,1918
18473,31752
24420,14075
24420,3156
24420,14058
24420,14054
9269,17577
9269,28639
9269,17611
9269,17564
9269,17670
18554,27478
24499,14063
24499,14055
24499,14072
24499,5647
24516,33755
9341,21579
9341,21582
9343,21542
9343,8291
9344,21588
9344,33707
9344,21258
9344,21255
18548,25096
18560,19390
9378,28465
9385,14013
9392,1742
14252,6044
14252,6055
14252,6056
14252,6038
14412,33040
9529,10741
9510,2643
9510,27560
9510,17035
9553,23855
9588,10887
9588,10889
9577,17502
9577,17591
9613,24853
18686,18054
18686,6584
18686,29513
18686,16721
18686,18240
24874,22824
18755,1667
24873,19027
24873,21733
24873,21738
24873,21737
24873,21704
24873,21734
24873,21735
24850,3130
24850,12367
24850,32109
14639,27090
18774,1277
18774,27100
18774,27045
9843,33083
9844,25952
24941,9139
21543,970
18851,28215
25050,28215
9935,22815
9935,22826
9939,2139
9939,3485
9940,1217
10006,23091
18873,19572
10033,19396
10110,32426
10159,31484
10159,19775
10159,1587
10232,7032
10322,32521
14953,33202
21693,15885
10355,4067
10552,21573
10552,21595
10552,21568
21796,29587
10717,28932
25661,5691
10742,8181
10742,31203
10742,1769
10742,1839
10785,634
10762,28952
10787,28943
10789,33827
25776,34031
10936,9911
10984,21477
25801,12412
11029,29534
11036,29529
11096,27590
11182,13128
11244,13131
11244,24813
11497,28884
11576,29204
26667,33644
11854,8764
11927,27480
26819,35646
11967,1741
16417,20570
12057,29230
12139,26731
26987,26731
12149,26405
16669,4016
12395,26652
27354,4115
28152,4115
20817,4023
12502,29031
12522,3387
12545,32387
12545,7204
12545,2587
12545,27160
12549,1267
12549,33939
12549,7212
12568,32402
12568,8249
12568,7207
12550,32402
12550,8249
12550,7207
12555,8179
12555,1142
12555,25940
12555,33954
12555,25435
12555,7203
12555,10076
12555,1273
12555,25928
12555,32384
12555,25978
12555,31207
12555,33956
12555,1843
12577,8
12561,7205
12561,29352
23446,12553
23446,12821
12569,29436
12569,29435
12578,7208
17341,3167
12584,3167
12582,11518
17343,11518
12589,3364
12628,32785
12647,35421
12653,3335
12651,33200
12651,20989
12651,21008
12651,20792
12651,20793
12738,4069
12738,29473
12741,6283
12814,20389
12814,29403
12814,7735
12814,7752
12814,2936
12814,34378
12814,5030
12814,29404
12814,2846
12821,29548
12896,12871
12896,29708
12919,12174
12929,15286
12929,7726
12929,33185
12929,5882
12930,15740
12930,15518
12930,15528
12930,30068
12938,15274
12938,32893
12938,15418
12938,33190
12938,15370
12938,15451
12938,121
12938,15275
12938,17855
12938,15387
12938,8310
12938,15351
12938,12522
12938,35159
12938,32658
12938,33888
12957,20763
12957,11767
12957,20796
12957,11764
12957,21763
12957,3981
12957,15102
12957,20733
12957,20735
12957,3905
12958,11879
12958,23775
12958,33646
12958,30984
12958,18560
12958,14887
12958,31143
12958,14880
12958,34933
12958,15060
12958,29637
12958,15059
12958,12868
12958,14214
12958,34918
12958,29636
12958,35154
12958,15056
12958,14878
12958,15058
12958,10459
12958,14903
12958,35331
12958,33183
12958,32892
12958,35178
12991,12211
12996,15220
12996,30612
12996,31324
12996,31386
12996,29957
13057,11283
13067,3871
13069,31106
23659,2244
23659,16163
23659,16055
23659,23231
23659,23232
13080,35738
13080,31030
13080,34874
13080,30333
13080,30577
13080,2757
13080,34845
13080,29616
13088,18717
13088,16068
13088,15814
13088,23164
13088,23592
13088,396
13088,18749
13088,23280
13088,23271
13088,23570
13088,16174
13113,303
13113,31803
13113,20013
13113,20052
13113,19979
13113,19915
13113,34804
13113,34832
13113,34671
13113,34816
23689,92
23689,8424
23689,34831
23689,19916
23689,4580
23689,20014
23689,4577
23689,10448
23689,19934
23689,34656
23689,20058
13141,92
13141,8424
13141,34831
13141,19916
13141,4580
13141,20014
13141,4577
13141,10448
13141,19934
13141,34656
13141,20058
13140,18185
13140,18190
13140,18207
13140,18276
13140,12742
13140,18333
13140,18310
13140,18175
13140,18342
13144,24225
23712,4574
23712,4579
23712,8423
13155,8447
13155,24559
13155,11591
13155,2267
13168,32660
13168,35180
13168,29687
13164,32660
13164,35180
13164,29687
23729,23196
23729,23205
23729,16140
23729,2235
23729,16017
23725,16016
23725,23174
23725,23185
23725,16139
23725,2233
13183,8706
13196,20205
13221,16945
13234,4890
13234,20214
13241,25580
13252,22424
13256,22426
13256,1816
13260,3916
13260,30345
13260,20222
13262,3896
13264,4814
13264,15954
13264,6910
13264,214
13266,4812
13268,2364
13274,16904
13283,16907
13296,33872
13296,34763
13296,19865
13296,20024
13296,33152
13296,10432
13296,32
13296,32948
13296,34632
13296,35525
13296,34652
13296,19995
13302,33147
13302,3399
13302,35129
13327,17003
13333,33145
13333,26807
13333,35128
13333,31287
13333,7895
13333,21052
13335,10567
13336,1146
13336,19792
13336,30107
13341,1034
13341,29753
13341,34857
13341,34686
13341,1029
13341,947
13341,34858
13341,35204
13341,34888
13342,16901
13342,34964
13346,22418
13346,16923
13346,16440
13400,30732
13400,6900
13359,23107
13360,22416
17872,19259
13378,10693
13378,25911
13378,32001
13378,13109
13378,26119
13399,10693
13399,25911
13399,32001
13399,13109
13399,26119
13379,17832
23831,5104
23831,16105
13397,24127
13397,15949
13397,3750
13397,210
13397,6896
13398,22830
13401,21041
13401,13255
13401,24117
13401,24134
13403,30733
13404,32604
13406,22776
13411,22822
13416,22309
23852,17939
23852,5465
23852,18114
23852,18139
23852,62
23852,17947
13420,21929
13420,21924
13420,22029
13420,21927
13420,21993
13420,21998
13420,21981
13420,21863
13420,21798
23889,34050
23889,2159
23881,24124
23881,9422
23881,13119
23881,6907
13446,30273
13446,13095
13447,24126
13447,9312
13447,34428
13447,13099
13447,6890
13447,6899
13447,13115
13450,22199
23906,7177
23906,7188
13487,2743
13487,22851
23920,34264
23920,10551
13508,9511
13513,19973
13513,9992
13520,4938
13520,22730
13520,22503
13520,22540
13520,29495
23956,3655
23956,25662
23956,25684
23956,3668
23956,222
23974,10930
23974,7179
13533,8042
13533,8890
13533,30148
13533,35114
13547,29186
21050,10999
21050,10946
21050,31490
21050,8304
13563,19732
13563,25974
13564,10952
13565,16378
13565,30437
13565,28998
13565,1860
13565,31286
13565,20103
13565,19902
13565,34733
13565,35120
13565,29737
13565,34713
13565,19917
13565,19947
13565,24645
13565,19975
13565,6763
13565,8154
13565,12454
13565,31460
13567,4934
13567,22500
13567,22537
13587,34065
13587,23040
13587,34040
13587,5057
13587,15841
13587,33440
13587,10725
13587,1883
13587,2691
13587,5015
13593,22300
13593,22267
13595,22271
13595,22305
13595,5485
13595,22285
13595,4456
24032,29886
13601,21991
13601,22009
13601,22177
13601,22000
13601,21806
21083,1064
23987,1551
23987,1530
23987,23825
23987,35289
23987,23649
13627,4905
13629,17726
13629,12599
13629,22322
13629,12597
13631,29480
13631,5213
13636,17987
13636,32598
13636,22321
13636,12598
13636,5800
13637,5218
13643,22280
13643,5481
13643,22265
13645,25086
13645,35342
13645,16995
13645,16358
13645,34532
13657,34697
13657,29647
13657,19858
18150,19542
24060,2689
24060,1329
24060,10689
24060,34037
24060,34053
13710,2689
13710,19545
13710,19553
13710,19570
13710,19582
13710,1329
13710,10689
13710,34037
13710,34053
13690,2710
24052,2710
13697,4911
13701,4912
13703,9143
13756,6332
13759,12687
13774,7094
24084,7186
13777,7095
13777,2892
13780,6338
13780,31180
13780,10907
13796,33395
21149,1010
24217,13781
24217,13622
24217,13748
24217,31746
24217,25701
24217,2583
24235,26866
13877,6324
24175,76
24175,10989
24175,18136
24175,17936
24175,10988
24175,5468
24175,18011
24206,7427
24206,25695
24207,18866
24207,19054
24186,10985
24186,5748
21236,1014
13934,25912
13938,13084
13938,13062
13947,2283
13947,11448
13959,34901
13959,26863
13961,34896
13963,34894
13963,34885
14005,14083
14005,17982
14005,17444
14044,493
14044,9240
14044,30813
14044,496
14044,9235
14044,35376
14044,35404
14057,5238
24407,16541
24407,5665
24407,18760
24407,18793
24407,18761
24407,14126
24407,17755
24407,18762
14149,322
14149,28410
14149,28427
14131,322
14131,28410
14131,28427
14107,17252
21311,616
24531,26930
14213,8011
14262,17261
24584,28299
18604,8057
18604,16921
14360,10879
24656,1357
24656,12314
14392,5219
14408,2594
14408,2597
14408,24901
14459,519
14479,27535
14508,7050
14508,17167
14508,17203
14508,7327
14508,12497
14548,33403
25041,29153
25041,28665
25041,29164
25041,29165
25041,29166
21541,29153
21541,28665
21541,29164
21541,29165
21541,29166
25190,27817
14863,7161
14863,17164
14864,26959
25247,34522
14983,31557
14990,31645
14997,26960
14998,8607
25588,2012
19203,2050
19203,1954
19203,1521
19203,5555
19203,1537
19203,12155
19203,1562
15156,2049
25646,6616
15171,11756
25621,11583
19291,6614
25788,24915
25788,9137
25788,2246
25788,6173
15276,7543
15337,21081
15580,27558
26232,25490
26232,25491
15636,28221
15792,4088
15851,5794
19972,3759
20037,1770
15957,5348
16300,11227
16379,5215
16389,27297
16467,33910
16579,8749
16590,33576
16660,33798
16660,33483
16749,26403
16788,35478
28043,27485
27350,1967
17079,20278
17069,8597
17085,33824
17102,29422
17181,1881
17185,1881
17215,6606
17202,6606
17242,9991
17325,2330
17376,15067
17376,8103
17376,21186
17376,6142
17376,20916
17376,20804
17376,12101
17376,12098
17376,21196
17376,21187
17376,20917
17376,2215
17376,21190
17376,20905
17376,21194
17376,21195
17376,20924
17376,20907
17376,20927
17380,3972
17399,33864
17421,35418
17423,11703
17423,7052
17426,1653
17457,12218
17488,35611
17515,29029
17517,29029
17557,15738
17557,15586
17557,32794
17557,15517
17557,31065
17560,9957
17614,20359
17616,12201
17637,31533
17637,32749
17650,34856
23660,3727
23660,4485
23660,4213
23660,15869
23660,24046
17694,23558
17694,23418
17694,24300
17717,8236
17718,19823
23694,4570
17802,35131
17802,34749
17802,1629
17802,10431
17802,33154
17802,35221
17802,34625
17802,34682
17802,34747
17802,5887
17802,34771
17802,34776
17802,32943
17802,34803
17802,34783
17769,19692
17787,13684
17787,19321
17794,32968
17796,26642
17796,9093
17815,4538
17815,15261
17821,34465
17821,33908
17821,26239
17821,17112
17821,14175
17821,12844
20953,35135
20953,35240
20953,33156
17837,8471
17842,34688
17844,8470
23807,20435
23807,5642
23807,2964
23807,20417
23807,3516
23807,3542
17855,942
17855,24355
17855,24431
17855,371
17860,16515
17860,27028
17860,16627
17860,16551
17869,19174
17879,24464
23837,15973
23837,16116
17884,31360
17884,8913
17884,29771
17884,31331
17884,30404
17884,30553
17884,31261
17884,7803
17888,15388
17888,22372
17888,22452
17888,22389
17888,20242
17888,22410
17893,2973
17906,22578
23842,22498
23842,10730
23842,34038
23842,34051
23883,13610
23883,13806
23883,13808
23883,10125
17916,19613
17923,8046
17924,17788
17924,9195
17926,22478
17929,19614
17933,2736
17935,3850
17937,22386
17937,20241
17937,22402
23893,2289
23893,12409
23893,26027
23893,27239
23893,27244
23893,2107
17961,11473
17961,14960
17961,14956
17961,15110
17961,11421
17961,2742
17961,11474
17987,26970
17992,31218
17992,31216
17992,8064
17997,20211
17997,22397
17997,26318
17997,22361
17997,22384
17997,22354
17997,22392
17997,22396
17997,22391
17997,22355
17997,22379
17997,22403
17997,22448
17997,26800
17997,22398
18000,26050
18000,33509
18000,26801
18000,33508
18000,22385
18000,22447
18034,26047
18034,9817
18034,22383
18034,22444
18035,29355
18035,11809
18035,29346
21046,33022
18063,112
18095,22494
18095,22490
18095,22480
18095,22493
18095,22487
18095,22542
18095,22483
18095,22492
18095,22488
18095,22489
18064,22494
18064,22490
18064,22480
18064,22493
18064,22487
18064,22542
18064,22483
18064,22492
18064,22488
18064,22489
18067,22543
18078,22486
18078,22485
18083,22491
18083,22547
18090,19556
18094,12702
18096,19557
18099,32040
24008,265
24008,9245
24008,27595
18105,19555
18106,19559
18120,2118
18120,22154
18120,22176
18120,22158
24054,7344
24054,26598
24054,18911
24054,19015
24054,18947
24054,18860
24054,18971
18140,22197
18140,6497
18140,6471
18140,6535
18140,6513
18140,22072
18140,6472
18140,6500
18140,5835
18140,1321
18140,26869
18140,22049
18140,22146
18140,22086
18140,6505
18140,22114
18140,6503
18143,26308
18219,8910
18219,31108
18217,33579
18228,33579
24102,5462
24102,71
24102,17955
24102,18135
24102,18115
24102,32911
24102,17937
24102,10614
24102,10984
18169,5462
18169,71
18169,17955
18169,18135
18169,18115
18169,32911
18169,17937
18169,10614
18169,10984
18183,10120
18201,6661
18201,29442
18207,19766
18210,8911
18210,31101
18231,19779
24157,18848
24157,32161
24157,33108
24157,18966
24157,18939
24157,19033
24157,19059
24157,19001
18285,33340
24208,25670
24208,25699
24208,2578
18316,29923
18316,25545
18316,29882
18316,25543
18325,6643
24190,24109
24190,24115
24190,10776
24190,33742
24190,2340
18364,19491
18364,19598
18364,19604
18364,19420
18394,17685
18418,32411
18418,696
21271,696
18428,14922
18428,19506
18428,14921
18428,14915
18432,19445
18432,19484
18445,19378
18458,14006
18459,28051
24417,14101
18536,30877
18524,19384
24542,22745
18545,27475
18563,19389
18603,30847
24719,27975
24719,12816
24719,13038
18638,27975
18638,12816
18638,13038
18647,1293
18647,6156
18648,21919
18648,27887
18661,19485
25059,17441
25059,17445
25059,17470
18853,31857
18847,10764
18847,10863
18832,5763
18832,21528
18883,25894
18929,17221
21670,1931
18972,32556
21714,33854
19069,28325
25463,26339
19085,889
19107,7967
19136,8876
19136,649
19141,7175
19236,13865
25655,30717
25655,13865
19243,30991
19249,5636
19263,5623
19328,24998
25738,1024
25738,738
21995,1024
19352,34583
19522,29971
19527,8959
19574,10832
26134,27616
19720,33675
19735,32716
20014,6685
20433,32232
27870,9226
26982,6967
20617,31650
23414,29564
20903,33786
20950,10468
23760,4527
23760,3718
23760,11745
23760,15856
23760,4411
23760,4328
23760,7934
23760,4468
23760,5224
23760,15262
20967,25191
23819,9258
21013,6666
21033,4837
23848,4837
21035,5757
21042,16376
21051,27170
21051,758
21051,27148
21056,26086
21060,32152
21067,12216
21084,1097
21084,25024
21084,27237
21084,990
21076,667
21076,2421
21076,33218
21077,7491
21077,1098
21086,630
21103,237
21166,1088
21124,1003
21144,1012
21160,1008
21151,1089
24151,27557
21171,2560
21184,31454
21199,977
21188,673
21189,11301
24232,10715
24232,15247
21194,2559
21194,2554
21202,974
24307,1635
21240,958
21242,1075
24377,2635
21270,698
21273,697
21298,691
21298,692
21299,695
21300,689
21315,693
21301,688
21305,690
24473,34060
24473,10924
24473,33432
24428,10183
21337,595
21368,2535
21420,25021
21420,988
21426,2532
21462,641
24909,3001
24966,35393
24966,23916
21539,34523
21595,6769
21676,1076
21684,848
21706,11812
21706,23100
21717,2379
21725,27084
21743,1053
21764,25554
21770,827
25492,1510
25492,2618
25492,11027
25492,242
21865,21729
21914,11872
25647,11453
21985,1110
21985,29301
25782,1005
25782,1177
25782,29584
22184,23079
22217,34561
22319,34565
23119,29238
27442,11264
23444,20928
23444,10421
23444,12589
23444,12900
23444,12615
23444,12987
23444,34216
23444,12648
23444,12297
23444,12639
23444,12641
23444,12945
23444,14183
23444,21109
23444,12634
23444,34421
23444,21129
23444,15074
23444,12638
23444,33708
23444,12646
23445,12115
23445,35516
23445,2284
23445,6827
23472,12582
23472,12547
23472,2887
23474,20707
23474,12583
23474,2885
23474,12545
23489,12452
23552,33093
23586,26056
23586,8301
23626,29511
23626,33041
23638,12513
23643,18613
23645,4601
23645,4597
23645,13203
23667,23254
23667,23263
23667,23589
23667,16169
23667,16060
23658,13218
23658,4637
23658,4436
23658,4608
23658,4314
23658,4599
23662,23259
23662,18709
23662,16067
23662,23283
23662,15777
23662,23267
23662,23270
23662,16171
23662,23250
23662,23276
23662,23591
23662,23564
23663,3023
23668,4214
23668,4320
23668,23260
23668,4636
23668,23251
23668,16170
23668,4361
23668,24034
23668,23590
23668,16061
23668,23274
23668,4461
23668,23286
23668,4611
23670,4379
23670,4462
23670,4319
23670,1493
23670,4607
23670,13221
23670,4212
23673,13208
23676,13162
23676,4385
23676,15863
23676,5209
23676,4575
23676,4428
23676,4634
23676,4311
23676,4362
23676,4591
23680,35161
23680,23810
23680,23655
23680,23791
23680,1566
23680,23726
23680,23687
23680,2962
23682,4306
23682,13116
23688,8395
23693,16742
23693,7799
23697,8428
23704,9808
23704,16028
23704,16151
23704,16036
23704,23212
23704,23222
23705,8414
23705,4430
23705,4380
23707,24147
23707,23421
23707,23557
23709,15920
23709,15653
23713,12462
23723,33852
23723,23816
23723,6925
23723,23785
23723,23653
23726,2240
23726,388
23726,16020
23726,16117
23726,23188
23726,23177
23726,15798
23726,15955
23726,16143
23726,18680
23728,16023
23728,23194
23728,389
23728,16147
23728,18681
23728,15797
23728,2239
23728,23180
23730,2242
23730,16021
23730,23190
23730,35512
23730,23178
23730,16144
23731,2180
23731,23182
23731,16135
23731,16011
23731,23157
23732,3317
23734,1553
23734,2955
23734,23809
23734,23721
23734,23788
23734,23783
23734,23817
23736,16124
23736,5032
23736,16010
23736,15956
23736,15999
23736,16134
23736,5045
23736,15831
23736,15795
23744,16124
23744,5032
23744,16010
23744,15956
23744,15999
23744,16134
23744,5045
23744,15831
23744,15795
23737,2908
23737,8476
23741,11507
23741,11506
23741,14949
23741,14906
23741,14869
23741,11454
23741,11508
23746,2901
23751,4765
23751,4516
23751,4768
23753,16005
23753,5040
23753,16131
23754,5042
23754,16130
23754,16007
23761,20440
23761,20445
23761,7099
23761,3543
23761,3507
23781,16938
23791,17963
23791,24172
23791,57
23791,17960
23791,17949
23791,17930
23791,18141
23791,5470
23791,18117
23791,4963
23791,17957
23791,4965
23791,68
23791,5466
23791,18146
23799,17963
23799,24172
23799,57
23799,17960
23799,17949
23799,17930
23799,18141
23799,5470
23799,18117
23799,4963
23799,17957
23799,4965
23799,68
23799,5466
23799,18146
23800,10148
23801,18113
23801,5471
23801,17956
23801,17922
23801,4961
23801,17950
23801,18143
23801,17959
23805,9265
23805,16927
23805,19329
23805,19334
23805,9259
23814,10509
23817,3587
23817,3603
23817,17724
23817,3690
23825,15252
23825,25243
23825,10720
23825,26640
23825,7456
23825,1782
23825,10714
23828,29482
23828,31984
23828,31983
23828,32445
23828,31980
23828,16389
23828,31982
23828,31981
23828,16313
23829,23674
23829,23682
23829,23717
23829,1560
23829,23657
23829,2959
23829,1512
23829,23804
23829,23740
23830,20197
23832,16097
23832,5094
23833,9371
23833,26252
23833,26225
23833,26280
23833,13319
23833,3797
23833,26209
23840,29187
23841,11479
23841,2741
23841,27240
23841,11469
23841,2069
23845,6654
23853,32183
23855,5020
23855,5065
23856,26281
23856,26250
23856,3792
23856,10657
23856,26276
23856,25966
23856,9290
23856,13312
23856,26218
23857,12181
23866,2054
23866,8813
23868,2056
23872,26030
23872,2288
23872,2109
23872,8812
23872,27241
23873,33446
23875,4220
23875,10033
23875,22686
23875,516
23875,17786
23875,4247
23875,22584
23875,22721
23875,22535
23875,3866
23875,26299
23875,4224
23875,22714
23877,8974
23879,2738
23879,11398
23880,4234
23880,25989
23880,22598
23880,4222
23880,4249
23880,10031
23880,22533
23880,22688
23880,10128
23880,508
23880,22723
23880,22713
23882,31875
23882,32010
23882,7465
23882,10721
23882,26541
23882,15257
23882,32011
23897,5451
23897,8854
23897,8487
23897,3904
23897,8839
23897,5435
23898,26181
23898,30524
23898,30044
23898,26137
23902,2872
23903,7372
23905,5767
23908,3674
23908,9813
23913,8445
23912,8445
23938,8484
23938,8837
23938,5445
23938,5450
23938,35313
23915,2103
23915,2105
23924,22376
23924,8084
23924,11550
23924,32475
23924,11261
23924,4918
23924,10921
23924,16384
23924,32699
23924,15195
23924,33408
23923,9317
23923,7088
23923,9318
23935,17953
23935,18138
23935,5464
23935,8293
23935,67
23928,7373
23933,2303
23940,64
23940,5463
23940,18137
23940,17951
23940,17916
23942,6916
23944,10931
23944,7184
23954,13642
23954,32756
23953,32121
23953,5055
23958,13533
23958,3638
23958,13575
23958,3611
23958,23900
23958,3647
23958,13700
23958,25657
23958,217
23958,3660
23958,3578
23958,13705
23958,13563
23958,13753
23958,3107
23958,13795
23962,9495
23962,12117
23962,11539
23962,9095
23963,22015
23964,5010
23964,33443
23964,34044
23964,2692
23964,10728
23965,3661
23965,3627
23965,13699
23965,13757
23965,3650
23965,3109
23965,221
23965,3646
23965,3584
23965,13797
23965,13712
23965,25658
23965,3575
23965,25686
23981,8809
23981,22014
23997,34214
23997,5232
24001,3626
24001,13560
24001,3634
24001,13570
24001,13802
24002,34042
24002,22582
24002,10711
24003,9083
24003,7183
24005,11253
24005,12809
24005,16355
24019,12105
24009,19013
24009,18864
24009,7872
24009,4061
24009,18872
24011,20330
24011,258
24012,2077
24012,23854
24012,30666
24016,21813
24016,19096
24016,2785
24016,19097
24035,19579
24035,19592
24035,19544
24041,10717
24041,1863
24041,7463
24041,15249
24046,2708
24049,2714
24066,7457
24066,1865
24066,26554
24066,15251
24066,10716
24072,8807
24072,6873
24079,22880
24079,2878
24083,22596
24083,6922
24083,22639
24083,22616
24083,22734
24085,22640
24085,22735
24086,33760
24086,24129
24086,24106
24086,2319
24094,2127
24094,33740
24094,24105
24094,24119
24104,33754
24104,2129
24104,24108
24104,10771
24149,19046
24149,18934
24149,18964
24149,26605
24149,18903
24149,18857
24149,18953
24149,26612
24149,18928
24149,19006
24149,18983
24131,19063
24141,10108
24153,23865
24153,35058
24154,5567
24154,32098
24154,11348
24164,18952
24164,18987
24164,19060
24164,18842
24164,18940
24164,18893
24164,26610
24164,18968
24169,22873
24174,2290
24174,10757
24174,24110
24174,33756
24174,24118
24178,18880
24180,5461
24180,18133
24180,17944
24180,32919
24180,18007
24180,10990
24180,74
24180,17933
24188,22315
24188,22191
24188,17012
24188,22022
24209,31872
24238,8793
24238,2282
24238,32482
24258,15837
24258,5117
24258,23880
24265,26768
24277,26739
24282,5111
24282,3712
24290,29936
24290,29682
24290,30522
24290,9022
24290,32807
24290,19726
24290,34105
24296,27596
24299,17902
24299,14128
24299,14104
24299,16434
24309,11445
24311,5719
24311,35594
24311,12383
24311,8112
24330,24551
24332,8418
24332,22781
24332,22786
24335,13486
24335,13456
24335,17507
24342,17155
24346,22629
24366,27585
24356,27585
24357,2636
24361,4744
24365,6111
24365,3005
24365,17213
24378,12341
24378,14082
24381,32703
24381,29793
24381,34577
24381,6686
24387,14071
24387,3153
24440,14704
24440,11430
24451,22454
24451,33530
24451,19105
24451,3919
24451,33524
24458,1686
24460,14010
24460,16428
24460,14017
24466,12376
24466,8071
24472,14102
24480,34953
24480,34944
24480,24876
24480,34948
24514,27381
24565,27376
24498,23840
24498,13465
24498,12335
24498,12318
24498,1420
24533,1744
24533,17474
24533,16533
24534,8108
24534,12374
24534,35603
24536,25616
24536,25820
24536,32127
24536,25615
24543,15769
24543,23901
24543,23873
24539,33523
24539,22350
24539,4058
24540,3721
24540,15844
24540,23904
24540,23885
24544,27405
24546,13946
24546,14012
24564,29026
24617,13947
24618,17509
24618,17501
24622,29932
24629,20528
24629,2386
24629,6765
24631,18825
24631,29137
24642,28297
24645,17508
24645,17498
24689,10243
24725,8106
24725,35602
24725,12372
24730,10612
24730,22413
24730,22445
24730,22436
24730,22382
24730,22364
24730,22365
24739,17039
24739,27370
24739,2640
24764,10700
24764,10758
24764,34058
24774,28882
24843,28364
24843,28512
24843,6023
24843,12435
24843,6083
24843,2987
24795,13287
24795,10805
24795,10870
24795,10283
24819,4057
24821,6072
24821,9096
24821,6017
24821,28486
24822,33386
24828,3099
24828,13738
24828,13760
24837,9801
24837,18385
24837,18386
24837,9461
24859,12350
24859,3138
24885,17782
24885,5587
24899,12349
24900,28037
24900,28024
24920,10912
24920,15241
24938,19032
24968,10080
24975,22876
24975,22755
24975,22693
24975,22583
24975,20223
24975,22521
24975,22863
24982,6068
24982,2982
24982,6080
24982,2891
24982,12432
24982,6094
24994,19290
24998,34569
25044,28214
25052,17465
25063,1354
25070,11399
25070,11410
25070,11413
25070,15017
25084,6090
25084,2975
25084,9085
25084,12425
25088,19053
25099,15243
25099,10918
25099,1864
25109,1688
25109,21696
25157,8987
25162,22272
25162,5489
25162,22297
25162,22288
25183,28332
25183,1513
25192,14432
25192,17454
25197,1693
25200,3234
25269,12407
25269,3047
25269,23870
25269,23867
25269,23868
25269,23926
25269,23872
25269,1397
25269,13347
25269,23869
25269,23871
25269,23892
25272,28890
25274,32588
25280,25777
25306,12352
25306,1396
25306,13341
25316,173
25317,1692
25361,17875
25361,6232
25361,6200
25361,6225
25361,5064
25361,17867
25366,23097
25371,22774
25374,809
25406,1679
25407,4152
25425,1619
25437,2028
25446,2038
25447,7398
25452,35326
25452,2000
25452,32564
25452,21694
25488,6237
25488,2617
25525,4721
25534,1818
25534,13361
25534,13362
25534,13363
25534,23844
25576,13154
25576,13262
25591,1523
25591,27200
25591,1561
25591,1522
25591,1563
25591,1538
25606,7936
25636,7635
25648,22690
25690,28531
25690,28571
25703,25902
25729,28654
25747,20625
25747,1392
25747,3033
25747,31993
25774,1390
25774,31992
25774,25794
25774,3031
25779,31846
25779,7405
25785,2001
25793,25597
25795,2365
25821,28272
25850,28289
25992,26011
26132,27621
26197,34571
26239,1982
26619,26006
26669,32350
27176,4105
27294,9637
27344,11183
27348,20265
27449,9636
28303,4078
